800,,,,,,
shaving,68,75,,,,
ACCEL,2011-03-17 11:04:12.938,106,300,-0.01953125,-0.1015625,-1.042969
ACCEL,2011-03-17 11:04:12.958,106,301,-0.1679688,-0.1679688,-0.9179688
ACCEL,2011-03-17 11:04:12.978,106,302,-0.1992188,-0.078125,-1.257813
ACCEL,2011-03-17 11:04:12.998,106,303,-0.2890625,-0.2539063,-1.457031
ACCEL,2011-03-17 11:04:13.018,106,304,-0.1484375,-0.08203125,-1.449219
ACCEL,2011-03-17 11:04:13.038,106,305,-0.2382813,-0.06640625,-1.414063
ACCEL,2011-03-17 11:04:13.058,106,306,-0.234375,-0.0546875,-1.285156
ACCEL,2011-03-17 11:04:13.078,106,307,-0.1367188,-0.02734375,-1.074219
ACCEL,2011-03-17 11:04:13.098,106,308,-0.0078125,0,-0.8984375
ACCEL,2011-03-17 11:04:13.118,106,309,0.0234375,0.03125,-0.7070313
ACCEL,2011-03-17 11:04:13.138,106,310,0.2578125,0.140625,-0.2539063
ACCEL,2011-03-17 11:04:13.158,106,311,-0.1054688,-0.15625,-0.5507813
ACCEL,2011-03-17 11:04:13.178,106,312,0.1132813,0.015625,-0.9023438
ACCEL,2011-03-17 11:04:13.198,106,313,0.046875,-0.0546875,-0.6210938
ACCEL,2011-03-17 11:04:13.218,106,314,-0.08203125,0.05859375,-0.8007813
ACCEL,2011-03-17 11:04:13.230,106,315,-0.203125,0.05078125,-1.125
ACCEL,2011-03-17 11:04:13.250,106,316,-0.2851563,-0.046875,-1.320313
ACCEL,2011-03-17 11:04:13.270,106,317,-0.1679688,0.03515625,-1.507813
ACCEL,2011-03-17 11:04:13.290,106,318,-0.1367188,0.0078125,-1.414063
ACCEL,2011-03-17 11:04:13.310,106,319,-0.2148438,-0.078125,-1.390625
ACCEL,2011-03-17 11:04:13.330,106,320,-0.140625,0.00390625,-1.152344
ACCEL,2011-03-17 11:04:13.350,106,321,0.0390625,0.03515625,-0.9648438
ACCEL,2011-03-17 11:04:13.370,106,322,-0.03515625,-0.04296875,-0.8476563
ACCEL,2011-03-17 11:04:13.390,106,323,0.01171875,0.015625,-0.71875
ACCEL,2011-03-17 11:04:13.406,106,324,0.046875,-0.1484375,-0.4960938
ACCEL,2011-03-17 11:04:13.426,106,325,-0.0546875,-0.203125,-0.7460938
ACCEL,2011-03-17 11:04:13.446,106,326,0.0859375,0.03125,-0.84375
ACCEL,2011-03-17 11:04:13.466,106,327,-0.015625,-0.1445313,-0.65625
ACCEL,2011-03-17 11:04:13.486,106,328,-0.08984375,-0.046875,-0.8320313
ACCEL,2011-03-17 11:04:13.506,106,329,-0.01953125,0.1601563,-1.082031
ACCEL,2011-03-17 11:04:13.526,106,330,0.06640625,0.234375,-1.207031
ACCEL,2011-03-17 11:04:13.546,106,331,0.046875,0.046875,-1.457031
ACCEL,2011-03-17 11:04:13.578,106,332,-0.1328125,0.00390625,-1.460938
ACCEL,2011-03-17 11:04:13.598,106,333,-0.1875,-0.0390625,-1.265625
ACCEL,2011-03-17 11:04:13.618,106,334,-0.1914063,-0.03125,-1.273438
ACCEL,2011-03-17 11:04:13.638,106,335,-0.1289063,0.01171875,-1.035156
ACCEL,2011-03-17 11:04:13.658,106,336,-0.0078125,-0.05859375,-0.875
ACCEL,2011-03-17 11:04:13.678,106,337,-0.07421875,-0.0859375,-0.8671875
ACCEL,2011-03-17 11:04:13.698,106,338,0.0859375,-0.08203125,-0.6171875
ACCEL,2011-03-17 11:04:13.718,106,339,0.046875,-0.05859375,-0.484375
ACCEL,2011-03-17 11:04:13.715,106,340,-0.05078125,-0.140625,-0.7226563
ACCEL,2011-03-17 11:04:13.735,106,341,0.06640625,0.0390625,-0.8710938
ACCEL,2011-03-17 11:04:13.755,106,342,-0.1015625,-0.1523438,-0.8085938
ACCEL,2011-03-17 11:04:13.775,106,343,-0.1445313,-0.0859375,-0.8789063
ACCEL,2011-03-17 11:04:13.795,106,344,-0.140625,-0.1054688,-1.328125
ACCEL,2011-03-17 11:04:13.815,106,345,-0.2734375,-0.09375,-1.25
ACCEL,2011-03-17 11:04:13.835,106,346,-0.3359375,-0.1992188,-1.980469
ACCEL,2011-03-17 11:04:13.855,106,347,-0.2304688,0,-1.480469
ACCEL,2011-03-17 11:04:13.875,106,348,-0.2617188,-0.06640625,-1.246094
ACCEL,2011-03-17 11:04:13.891,106,349,-0.34375,-0.00390625,-1.195313
ACCEL,2011-03-17 11:04:13.911,106,350,-0.1523438,-0.07421875,-0.9023438
ACCEL,2011-03-17 11:04:13.931,106,351,-0.03515625,0.03515625,-0.7890625
ACCEL,2011-03-17 11:04:13.951,106,352,0.02734375,0.03125,-0.6875
ACCEL,2011-03-17 11:04:13.971,106,353,0.1523438,0.171875,-0.5664063
ACCEL,2011-03-17 11:04:13.991,106,354,0.01953125,-0.1992188,-0.5546875
ACCEL,2011-03-17 11:04:14.011,106,355,-0.0390625,-0.109375,-0.796875
ACCEL,2011-03-17 11:04:14.031,106,356,-0.1601563,-0.03515625,-1.113281
ACCEL,2011-03-17 11:04:14.047,106,357,-0.1757813,-0.109375,-0.5820313
ACCEL,2011-03-17 11:04:14.067,106,358,-0.25,-0.046875,-0.9335938
ACCEL,2011-03-17 11:04:14.087,106,359,-0.2421875,-0.0390625,-1.238281
ACCEL,2011-03-17 11:04:14.107,106,360,-0.1796875,-0.01171875,-1.390625
ACCEL,2011-03-17 11:04:14.127,106,361,-0.2734375,-0.1015625,-1.480469
ACCEL,2011-03-17 11:04:14.147,106,362,-0.3046875,-0.0625,-1.324219
ACCEL,2011-03-17 11:04:14.167,106,363,-0.3710938,-0.09375,-1.226563
ACCEL,2011-03-17 11:04:14.187,106,364,-0.1835938,-0.08203125,-1.035156
ACCEL,2011-03-17 11:04:14.203,106,365,-0.1601563,0.00390625,-0.9726563
ACCEL,2011-03-17 11:04:14.223,106,366,0.0546875,-0.01171875,-0.6914063
ACCEL,2011-03-17 11:04:14.243,106,367,0,-0.02734375,-0.5
ACCEL,2011-03-17 11:04:14.263,106,368,-0.0234375,-0.0859375,-0.5546875
ACCEL,2011-03-17 11:04:14.283,106,369,-0.05078125,-0.078125,-0.75
ACCEL,2011-03-17 11:04:14.303,106,370,0.078125,0,-0.9101563
ACCEL,2011-03-17 11:04:14.323,106,371,-0.1484375,-0.1328125,-0.9257813
ACCEL,2011-03-17 11:04:14.343,106,372,-0.05859375,0.05078125,-0.8515625
ACCEL,2011-03-17 11:04:14.355,106,373,-0.15625,-0.08984375,-1.296875
ACCEL,2011-03-17 11:04:14.375,106,374,-0.1640625,-0.04296875,-1.429688
ACCEL,2011-03-17 11:04:14.395,106,375,-0.25,-0.0625,-1.566406
ACCEL,2011-03-17 11:04:14.415,106,376,-0.1523438,0.0234375,-1.503906
ACCEL,2011-03-17 11:04:14.435,106,377,-0.2734375,-0.1015625,-1.261719
ACCEL,2011-03-17 11:04:14.455,106,378,0.00390625,0.09765625,-1
ACCEL,2011-03-17 11:04:14.475,106,379,-0.01953125,-0.015625,-0.8867188
ACCEL,2011-03-17 11:04:14.495,106,380,-0.05078125,-0.04296875,-0.7226563
ACCEL,2011-03-17 11:04:14.515,106,381,-0.125,-0.2226563,-0.7070313
ACCEL,2011-03-17 11:04:14.531,106,382,0.1015625,0.1757813,-0.3671875
ACCEL,2011-03-17 11:04:14.551,106,383,-0.1445313,-0.1992188,-0.6289063
ACCEL,2011-03-17 11:04:14.571,106,384,-0.0859375,-0.1640625,-0.828125
ACCEL,2011-03-17 11:04:14.591,106,385,0.03515625,0.01953125,-0.6953125
ACCEL,2011-03-17 11:04:14.611,106,386,0.04296875,-0.02734375,-1.113281
ACCEL,2011-03-17 11:04:14.631,106,387,-0.06640625,-0.05078125,-1.125
ACCEL,2011-03-17 11:04:14.651,106,388,-0.1328125,0.08203125,-1.417969
ACCEL,2011-03-17 11:04:14.671,106,389,-0.2109375,0.0234375,-1.492188
ACCEL,2011-03-17 11:04:14.688,106,390,-0.2851563,-0.05078125,-1.421875
ACCEL,2011-03-17 11:04:14.708,106,391,-0.3007813,-0.05859375,-1.292969
ACCEL,2011-03-17 11:04:14.728,106,392,-0.2304688,-0.0625,-1.164063
ACCEL,2011-03-17 11:04:14.748,106,393,-0.1601563,-0.0703125,-1.039063
ACCEL,2011-03-17 11:04:14.768,106,394,-0.1015625,-0.07421875,-0.90625
ACCEL,2011-03-17 11:04:14.788,106,395,-0.09765625,0.015625,-0.6757813
ACCEL,2011-03-17 11:04:14.808,106,396,0.0625,-0.06640625,-0.5898438
ACCEL,2011-03-17 11:04:14.828,106,397,-0.1289063,-0.125,-0.5703125
ACCEL,2011-03-17 11:04:14.844,106,398,-0.0390625,0.01171875,-0.6835938
ACCEL,2011-03-17 11:04:14.864,106,399,-0.2109375,-0.1953125,-0.9804688
ACCEL,2011-03-17 11:04:14.884,106,400,-0.1289063,0.0390625,-0.703125
ACCEL,2011-03-17 11:04:14.904,106,401,-0.08984375,0.0703125,-1.152344
ACCEL,2011-03-17 11:04:14.924,106,402,-0.1289063,-0.03515625,-1.398438
ACCEL,2011-03-17 11:04:14.944,106,403,-0.1289063,-0.0078125,-1.550781
ACCEL,2011-03-17 11:04:14.964,106,404,-0.3203125,-0.0703125,-1.464844
ACCEL,2011-03-17 11:04:14.984,106,405,-0.4023438,-0.078125,-1.277344
ACCEL,2011-03-17 11:04:15.000,106,406,-0.2734375,-0.01953125,-1.230469
ACCEL,2011-03-17 11:04:15.020,106,407,-0.1523438,0.00390625,-1.066406
ACCEL,2011-03-17 11:04:15.040,106,408,-0.109375,-0.015625,-0.9257813
ACCEL,2011-03-17 11:04:15.060,106,409,-0.1328125,-0.046875,-0.7734375
ACCEL,2011-03-17 11:04:15.080,106,410,-0.015625,-0.03515625,-0.5078125
ACCEL,2011-03-17 11:04:15.100,106,411,-0.1328125,-0.08203125,-0.546875
ACCEL,2011-03-17 11:04:15.120,106,412,-0.1054688,-0.1757813,-0.6132813
ACCEL,2011-03-17 11:04:15.140,106,413,0.15625,0.00390625,-0.609375
ACCEL,2011-03-17 11:04:15.141,106,414,-0.1289063,-0.171875,-1.253906
ACCEL,2011-03-17 11:04:15.161,106,415,-0.2304688,-0.109375,-1.066406
ACCEL,2011-03-17 11:04:15.181,106,416,-0.1875,0.0625,-1.28125
ACCEL,2011-03-17 11:04:15.201,106,417,-0.1757813,0.04296875,-1.429688
ACCEL,2011-03-17 11:04:15.221,106,418,-0.3125,-0.03515625,-1.480469
ACCEL,2011-03-17 11:04:15.241,106,419,-0.2539063,-0.0078125,-1.316406
ACCEL,2011-03-17 11:04:15.261,106,420,-0.1289063,0.0546875,-1.078125
ACCEL,2011-03-17 11:04:15.281,106,421,-0.2148438,-0.046875,-1.363281
ACCEL,2011-03-17 11:04:15.308,106,422,-0.125,-0.00390625,-0.984375
ACCEL,2011-03-17 11:04:15.328,106,423,-0.05078125,-0.01171875,-0.7890625
ACCEL,2011-03-17 11:04:15.348,106,424,-0.0703125,-0.01953125,-0.9765625
ACCEL,2011-03-17 11:04:15.368,106,425,-0.03515625,-0.1054688,-0.5351563
ACCEL,2011-03-17 11:04:15.388,106,426,0.0078125,-0.0859375,-0.5390625
ACCEL,2011-03-17 11:04:15.408,106,427,-0.0078125,-0.1132813,-0.8203125
ACCEL,2011-03-17 11:04:15.428,106,428,-0.1757813,-0.1484375,-1.085938
ACCEL,2011-03-17 11:04:15.448,106,429,-0.046875,-0.03125,-0.9609375
ACCEL,2011-03-17 11:04:15.468,106,430,-0.1875,-0.0078125,-1.019531
ACCEL,2011-03-17 11:04:15.480,106,431,-0.1210938,0.078125,-1.238281
ACCEL,2011-03-17 11:04:15.500,106,432,-0.6835938,-0.2695313,-0.9296875
ACCEL,2011-03-17 11:04:15.520,106,433,-0.3671875,0.1875,-1.386719
ACCEL,2011-03-17 11:04:15.540,106,434,-0.3007813,0.01171875,-1.253906
ACCEL,2011-03-17 11:04:15.560,106,435,-0.25,-0.02734375,-1.191406
ACCEL,2011-03-17 11:04:15.580,106,436,-0.078125,0.01953125,-1.101563
ACCEL,2011-03-17 11:04:15.600,106,437,-0.1679688,-0.09765625,-1
ACCEL,2011-03-17 11:04:15.620,106,438,-0.3789063,0.0546875,-0.8789063
ACCEL,2011-03-17 11:04:15.640,106,439,0.01171875,0.0078125,-0.6640625
ACCEL,2011-03-17 11:04:15.656,106,440,-0.03125,0.015625,-0.53125
ACCEL,2011-03-17 11:04:15.676,106,441,-0.2773438,-0.1875,-0.609375
ACCEL,2011-03-17 11:04:15.696,106,442,-0.04296875,-0.046875,-0.7773438
ACCEL,2011-03-17 11:04:15.716,106,443,-0.3359375,-0.3554688,-1.113281
ACCEL,2011-03-17 11:04:15.736,106,444,0.03125,0.0625,-0.5273438
ACCEL,2011-03-17 11:04:15.756,106,445,-0.1289063,0.0078125,-1.207031
ACCEL,2011-03-17 11:04:15.776,106,446,-0.2382813,-0.09375,-1.136719
ACCEL,2011-03-17 11:04:15.796,106,447,-0.1601563,0,-1.332031
ACCEL,2011-03-17 11:04:15.808,106,448,-0.2929688,-0.03125,-1.390625
ACCEL,2011-03-17 11:04:15.828,106,449,-0.3046875,-0.015625,-1.296875
ACCEL,2011-03-17 11:04:15.848,106,450,-0.3320313,-0.07421875,-1.222656
ACCEL,2011-03-17 11:04:15.868,106,451,-0.234375,-0.0546875,-1.109375
ACCEL,2011-03-17 11:04:15.888,106,452,-0.1523438,-0.08203125,-0.9960938
ACCEL,2011-03-17 11:04:15.908,106,453,-0.0234375,-0.015625,-0.765625
ACCEL,2011-03-17 11:04:15.928,106,454,-0.1210938,-0.05859375,-0.7890625
ACCEL,2011-03-17 11:04:15.948,106,455,0.06640625,-0.0234375,-0.5546875
ACCEL,2011-03-17 11:04:15.968,106,456,-0.05859375,-0.171875,-0.640625
ACCEL,2011-03-17 11:04:15.989,106,457,-0.0390625,-0.06640625,-0.8710938
ACCEL,2011-03-17 11:04:16.009,106,458,-0.28125,-0.2773438,-1.183594
ACCEL,2011-03-17 11:04:16.029,106,459,0.01171875,0.0703125,-0.5898438
ACCEL,2011-03-17 11:04:16.049,106,460,0.8789063,0.4570313,-1.183594
ACCEL,2011-03-17 11:04:16.069,106,461,-0.0390625,-0.1757813,-1.066406
ACCEL,2011-03-17 11:04:16.089,106,462,-0.1835938,-0.140625,-1.304688
ACCEL,2011-03-17 11:04:16.109,106,463,-0.1992188,-0.04296875,-1.324219
ACCEL,2011-03-17 11:04:16.121,106,464,-0.2460938,-0.08203125,-1.234375
ACCEL,2011-03-17 11:04:16.141,106,465,-0.01171875,0.03125,-0.8515625
ACCEL,2011-03-17 11:04:16.161,106,466,-0.15625,-0.0703125,-1.003906
ACCEL,2011-03-17 11:04:16.181,106,467,0.03515625,0.015625,-0.828125
ACCEL,2011-03-17 11:04:16.201,106,468,0.0390625,0.02734375,-0.6796875
ACCEL,2011-03-17 11:04:16.221,106,469,-0.05859375,-0.04296875,-0.5546875
ACCEL,2011-03-17 11:04:16.241,106,470,-0.05859375,-0.1367188,-0.65625
ACCEL,2011-03-17 11:04:16.261,106,471,0.06640625,-0.0625,-0.9414063
ACCEL,2011-03-17 11:04:16.281,106,472,-0.0078125,-0.1210938,-0.9179688
ACCEL,2011-03-17 11:04:16.301,106,473,0.01953125,-0.08984375,-1.070313
ACCEL,2011-03-17 11:04:16.321,106,474,-0.05078125,-0.06640625,-1.203125
ACCEL,2011-03-17 11:04:16.341,106,475,-0.1523438,-0.1289063,-1.226563
ACCEL,2011-03-17 11:04:16.361,106,476,-0.05859375,-0.04296875,-1.402344
ACCEL,2011-03-17 11:04:16.381,106,477,-0.2148438,-0.08984375,-1.386719
ACCEL,2011-03-17 11:04:16.401,106,478,-0.265625,-0.0859375,-1.210938
ACCEL,2011-03-17 11:04:16.421,106,479,-0.2617188,-0.03515625,-1.195313
ACCEL,2011-03-17 11:04:16.438,106,480,-0.2226563,-0.0234375,-0.7929688
ACCEL,2011-03-17 11:04:16.458,106,481,-0.1367188,-0.125,-0.8789063
ACCEL,2011-03-17 11:04:16.478,106,482,0.05078125,-0.03125,-0.640625
ACCEL,2011-03-17 11:04:16.498,106,483,0.09375,0,-0.609375
ACCEL,2011-03-17 11:04:16.518,106,484,0.08203125,-0.0546875,-0.4882813
ACCEL,2011-03-17 11:04:16.538,106,485,-0.04296875,-0.1523438,-0.7421875
ACCEL,2011-03-17 11:04:16.558,106,486,0.04296875,-0.1171875,-1.03125
ACCEL,2011-03-17 11:04:16.578,106,487,0.0234375,-0.01953125,-1.054688
ACCEL,2011-03-17 11:04:16.574,106,488,-0.08984375,-0.140625,-1.308594
ACCEL,2011-03-17 11:04:16.594,106,489,-0.171875,-0.09765625,-1.105469
ACCEL,2011-03-17 11:04:16.614,106,490,-0.02734375,-0.03515625,-1.492188
ACCEL,2011-03-17 11:04:16.634,106,491,-0.1679688,-0.1601563,-1.460938
ACCEL,2011-03-17 11:04:16.654,106,492,-0.3242188,-0.1132813,-1.335938
ACCEL,2011-03-17 11:04:16.674,106,493,-0.25,-0.046875,-1.21875
ACCEL,2011-03-17 11:04:16.694,106,494,1.445313,0.390625,-0.5703125
ACCEL,2011-03-17 11:04:16.714,106,495,0.109375,-0.3828125,-1.535156
ACCEL,2011-03-17 11:04:16.734,106,496,0.04296875,0.04296875,-0.8320313
ACCEL,2011-03-17 11:04:16.766,106,497,0.1132813,-0.00390625,-0.59375
ACCEL,2011-03-17 11:04:16.786,106,498,-0.015625,-0.08203125,-0.6171875
ACCEL,2011-03-17 11:04:16.806,106,499,-0.03515625,-0.078125,-0.7109375
ACCEL,2011-03-17 11:04:16.826,106,500,-0.09765625,-0.1367188,-1
ACCEL,2011-03-17 11:04:16.846,106,501,-0.1601563,-0.25,-1.171875
ACCEL,2011-03-17 11:04:16.866,106,502,-0.109375,-0.07421875,-0.8945313
ACCEL,2011-03-17 11:04:16.886,106,503,-0.7539063,-0.578125,-1.957031
ACCEL,2011-03-17 11:04:16.906,106,504,-0.046875,-0.0234375,-1.230469
ACCEL,2011-03-17 11:04:16.906,106,505,-0.328125,-0.1289063,-1.324219
ACCEL,2011-03-17 11:04:16.926,106,506,-0.2851563,-0.1523438,-1.324219
ACCEL,2011-03-17 11:04:16.946,106,507,-0.21875,-0.1289063,-1.214844
ACCEL,2011-03-17 11:04:16.966,106,508,-0.1328125,-0.1171875,-1.089844
ACCEL,2011-03-17 11:04:16.986,106,509,-0.09375,-0.0859375,-0.9453125
ACCEL,2011-03-17 11:04:17.006,106,510,0.05078125,0.03125,-0.6875
ACCEL,2011-03-17 11:04:17.026,106,511,0.140625,0.1015625,-0.515625
ACCEL,2011-03-17 11:04:17.046,106,512,0.0703125,-0.078125,-0.515625
ACCEL,2011-03-17 11:04:17.063,106,513,0.015625,-0.08984375,-0.8632813
ACCEL,2011-03-17 11:04:17.083,106,514,-0.04296875,-0.06640625,-0.9296875
ACCEL,2011-03-17 11:04:17.103,106,515,0.06640625,0.0234375,-1.113281
ACCEL,2011-03-17 11:04:17.123,106,516,-0.05078125,0.03515625,-1.265625
ACCEL,2011-03-17 11:04:17.143,106,517,-0.0703125,-0.05078125,-1.242188
ACCEL,2011-03-17 11:04:17.163,106,518,0.03125,-0.08203125,-1.363281
ACCEL,2011-03-17 11:04:17.183,106,519,-0.01953125,-0.015625,-1.429688
ACCEL,2011-03-17 11:04:17.203,106,520,-0.1445313,-0.015625,-1.222656
ACCEL,2011-03-17 11:04:17.239,106,521,-0.234375,-0.15625,-1.175781
ACCEL,2011-03-17 11:04:17.259,106,522,0.00390625,0.0078125,-1.042969
ACCEL,2011-03-17 11:04:17.279,106,523,0.46875,0.015625,-0.9296875
ACCEL,2011-03-17 11:04:17.299,106,524,-0.046875,-0.0390625,-0.7773438
ACCEL,2011-03-17 11:04:17.319,106,525,0.0390625,-0.015625,-0.6953125
ACCEL,2011-03-17 11:04:17.339,106,526,0.15625,-0.015625,-0.6640625
ACCEL,2011-03-17 11:04:17.359,106,527,0.0625,-0.0859375,-0.9101563
ACCEL,2011-03-17 11:04:17.360,106,528,-0.1015625,-0.09765625,-0.9296875
ACCEL,2011-03-17 11:04:17.380,106,529,-0.109375,-0.05859375,-1.042969
ACCEL,2011-03-17 11:04:17.400,106,530,0.08984375,-0.046875,-1.1875
ACCEL,2011-03-17 11:04:17.420,106,531,0.1601563,-0.078125,-1.332031
ACCEL,2011-03-17 11:04:17.440,106,532,0.0234375,-0.125,-1.320313
ACCEL,2011-03-17 11:04:17.460,106,533,-0.109375,-0.109375,-1.316406
ACCEL,2011-03-17 11:04:17.480,106,534,0.0234375,0,-1.175781
ACCEL,2011-03-17 11:04:17.500,106,535,0.00390625,-0.0234375,-1.175781
ACCEL,2011-03-17 11:04:17.527,106,536,-0.1132813,-0.015625,-0.9726563
ACCEL,2011-03-17 11:04:17.547,106,537,-0.01171875,-0.0546875,-0.7617188
ACCEL,2011-03-17 11:04:17.567,106,538,-0.04296875,-0.0390625,-0.7539063
ACCEL,2011-03-17 11:04:17.587,106,539,-0.07421875,-0.09375,-0.8125
ACCEL,2011-03-17 11:04:17.607,106,540,-0.0234375,-0.01953125,-0.9023438
ACCEL,2011-03-17 11:04:17.627,106,541,0.01171875,-0.07421875,-0.6914063
ACCEL,2011-03-17 11:04:17.647,106,542,-0.05078125,-0.1367188,-0.8554688
ACCEL,2011-03-17 11:04:17.667,106,543,0.1367188,-0.1132813,-0.9570313
ACCEL,2011-03-17 11:04:17.687,106,544,0.05078125,-0.2695313,-1.128906
ACCEL,2011-03-17 11:04:17.683,106,545,-0.02734375,-0.125,-1.289063
ACCEL,2011-03-17 11:04:17.703,106,546,-0.046875,-0.1328125,-0.9765625
ACCEL,2011-03-17 11:04:17.723,106,547,-0.08203125,0.0078125,-1.054688
ACCEL,2011-03-17 11:04:17.743,106,548,-0.06640625,0.0703125,-1.023438
ACCEL,2011-03-17 11:04:17.763,106,549,-0.1523438,0.00390625,-1.070313
ACCEL,2011-03-17 11:04:17.783,106,550,-0.1601563,-0.02734375,-1.105469
ACCEL,2011-03-17 11:04:17.803,106,551,-0.15625,-0.04296875,-1.277344
ACCEL,2011-03-17 11:04:17.823,106,552,-0.234375,-0.05078125,-1.273438
ACCEL,2011-03-17 11:04:17.843,106,553,-0.09765625,0.0546875,-1.089844
ACCEL,2011-03-17 11:04:17.880,106,554,-0.1601563,-0.0625,-1.21875
ACCEL,2011-03-17 11:04:17.900,106,555,-0.0390625,0.04296875,-1.027344
ACCEL,2011-03-17 11:04:17.920,106,556,-0.04296875,-0.01171875,-0.796875
ACCEL,2011-03-17 11:04:17.940,106,557,-0.1328125,-0.0859375,-0.7695313
ACCEL,2011-03-17 11:04:17.960,106,558,0.03125,-0.046875,-0.703125
ACCEL,2011-03-17 11:04:17.980,106,559,0.01953125,-0.03515625,-0.875
ACCEL,2011-03-17 11:04:18.000,106,560,-0.03515625,-0.171875,-0.75
ACCEL,2011-03-17 11:04:18.016,106,561,-0.01171875,-0.1601563,-0.9804688
ACCEL,2011-03-17 11:04:18.036,106,562,0.1953125,0.15625,-1.125
ACCEL,2011-03-17 11:04:18.056,106,563,-0.0859375,-0.1484375,-1.113281
ACCEL,2011-03-17 11:04:18.076,106,564,-0.05859375,-0.1328125,-1.132813
ACCEL,2011-03-17 11:04:18.096,106,565,-0.09765625,-0.0546875,-1.355469
ACCEL,2011-03-17 11:04:18.116,106,566,-0.2929688,-0.1757813,-1.355469
ACCEL,2011-03-17 11:04:18.136,106,567,-0.3164063,-0.125,-1.324219
ACCEL,2011-03-17 11:04:18.156,106,568,-0.203125,-0.08203125,-1.265625
ACCEL,2011-03-17 11:04:18.172,106,569,0.0234375,0.0078125,-1.207031
ACCEL,2011-03-17 11:04:18.192,106,570,-0.1289063,-0.1054688,-0.7421875
ACCEL,2011-03-17 11:04:18.212,106,571,0.03515625,-0.03125,-0.6757813
ACCEL,2011-03-17 11:04:18.232,106,572,0.1171875,0.03515625,-0.5898438
ACCEL,2011-03-17 11:04:18.252,106,573,-0.08203125,-0.078125,-0.6875
ACCEL,2011-03-17 11:04:18.272,106,574,0.0859375,0.08203125,-0.8984375
ACCEL,2011-03-17 11:04:18.292,106,575,-0.046875,-0.02734375,-0.90625
ACCEL,2011-03-17 11:04:18.312,106,576,0.01171875,0.05078125,-0.9648438
ACCEL,2011-03-17 11:04:18.308,106,577,-0.234375,-0.2773438,-1.1875
ACCEL,2011-03-17 11:04:18.328,106,578,-0.08203125,0.0625,-1.296875
ACCEL,2011-03-17 11:04:18.348,106,579,-0.3164063,-0.1875,-1.832031
ACCEL,2011-03-17 11:04:18.368,106,580,-0.2695313,-0.0546875,-1.386719
ACCEL,2011-03-17 11:04:18.388,106,581,-0.2226563,-0.0546875,-1.226563
ACCEL,2011-03-17 11:04:18.408,106,582,-0.1289063,-0.03515625,-1.152344
ACCEL,2011-03-17 11:04:18.428,106,583,-0.07421875,-0.0546875,-1.019531
ACCEL,2011-03-17 11:04:18.448,106,584,0,-0.02734375,-1.234375
ACCEL,2011-03-17 11:04:18.468,106,585,0.0546875,-0.0703125,-0.4765625
ACCEL,2011-03-17 11:04:18.480,106,586,0.01953125,-0.02734375,-0.65625
ACCEL,2011-03-17 11:04:18.500,106,587,0.03515625,-0.140625,-0.578125
ACCEL,2011-03-17 11:04:18.520,106,588,0.06640625,-0.05078125,-0.8632813
ACCEL,2011-03-17 11:04:18.540,106,589,-0.1132813,-0.08984375,-1.007813
ACCEL,2011-03-17 11:04:18.560,106,590,-0.03515625,0.02734375,-0.6796875
ACCEL,2011-03-17 11:04:18.580,106,591,-0.1875,0.0078125,-1.121094
ACCEL,2011-03-17 11:04:18.600,106,592,-0.1054688,-0.1210938,-1.34375
ACCEL,2011-03-17 11:04:18.620,106,593,0.078125,0.05859375,-1.617188
ACCEL,2011-03-17 11:04:18.640,106,594,-0.1914063,-0.1132813,-1.3125
ACCEL,2011-03-17 11:04:18.656,106,595,-0.1523438,-0.0078125,-1.234375
ACCEL,2011-03-17 11:04:18.676,106,596,-0.02734375,-0.03515625,-1.25
ACCEL,2011-03-17 11:04:18.696,106,597,0.04296875,-0.08203125,-1.023438
ACCEL,2011-03-17 11:04:18.716,106,598,0.03515625,-0.1015625,-0.9453125
ACCEL,2011-03-17 11:04:18.736,106,599,-0.01171875,-0.1210938,-0.796875
ACCEL,2011-03-17 11:04:18.756,106,600,0.02734375,-0.0390625,-0.6914063
ACCEL,2011-03-17 11:04:18.776,106,601,0,-0.1015625,-0.5273438
ACCEL,2011-03-17 11:04:18.796,106,602,-0.0546875,-0.09375,-0.7109375
ACCEL,2011-03-17 11:04:18.813,106,603,-0.0390625,-0.07421875,-0.8671875
ACCEL,2011-03-17 11:04:18.833,106,604,0.09375,-0.00390625,-1.039063
ACCEL,2011-03-17 11:04:18.853,106,605,-0.1445313,-0.1953125,-0.921875
ACCEL,2011-03-17 11:04:18.873,106,606,-0.265625,-0.1132813,-1.09375
ACCEL,2011-03-17 11:04:18.893,106,607,-0.2265625,-0.2734375,-1.554688
ACCEL,2011-03-17 11:04:18.913,106,608,-0.09375,-0.1328125,-1.296875
ACCEL,2011-03-17 11:04:18.933,106,609,-0.34375,-0.1523438,-1.359375
ACCEL,2011-03-17 11:04:18.953,106,610,-0.3320313,-0.109375,-1.402344
ACCEL,2011-03-17 11:04:18.969,106,611,-0.171875,-0.0625,-1.199219
ACCEL,2011-03-17 11:04:18.989,106,612,-0.078125,-0.09375,-1.015625
ACCEL,2011-03-17 11:04:19.009,106,613,0.2148438,0.125,-0.859375
ACCEL,2011-03-17 11:04:19.029,106,614,0.015625,-0.2109375,-0.6523438
ACCEL,2011-03-17 11:04:19.049,106,615,0.0625,-0.015625,-0.7773438
ACCEL,2011-03-17 11:04:19.069,106,616,-0.05078125,-0.05859375,-0.4296875
ACCEL,2011-03-17 11:04:19.089,106,617,-0.125,-0.0546875,-0.765625
ACCEL,2011-03-17 11:04:19.109,106,618,-0.1132813,-0.1171875,-0.7695313
ACCEL,2011-03-17 11:04:19.121,106,619,-0.0703125,0.015625,-0.953125
ACCEL,2011-03-17 11:04:19.141,106,620,0.01171875,-0.0625,-1.136719
ACCEL,2011-03-17 11:04:19.161,106,621,-0.1328125,-0.2695313,-1.171875
ACCEL,2011-03-17 11:04:19.181,106,622,0.1132813,0.08984375,-1.789063
ACCEL,2011-03-17 11:04:19.201,106,623,-0.28125,-0.1015625,-1.339844
ACCEL,2011-03-17 11:04:19.221,106,624,-0.2851563,-0.0625,-1.160156
ACCEL,2011-03-17 11:04:19.241,106,625,-0.2460938,-0.1171875,-1.289063
ACCEL,2011-03-17 11:04:19.261,106,626,-0.1132813,-0.04296875,-1.175781
ACCEL,2011-03-17 11:04:19.281,106,627,0.078125,0.07421875,-0.890625
ACCEL,2011-03-17 11:04:19.297,106,628,-0.046875,-0.1171875,-0.7109375
ACCEL,2011-03-17 11:04:19.317,106,629,0.05078125,-0.01953125,-0.7148438
ACCEL,2011-03-17 11:04:19.337,106,630,0.0703125,-0.0546875,-0.5507813
ACCEL,2011-03-17 11:04:19.357,106,631,-0.0390625,-0.1914063,-0.5703125
ACCEL,2011-03-17 11:04:19.377,106,632,-0.00390625,-0.09375,-0.8242188
ACCEL,2011-03-17 11:04:19.397,106,633,-0.1328125,-0.1289063,-0.8320313
ACCEL,2011-03-17 11:04:19.417,106,634,0.03125,0.00390625,-0.921875
ACCEL,2011-03-17 11:04:19.437,106,635,-0.04296875,-0.0703125,-1.15625
ACCEL,2011-03-17 11:04:19.453,106,636,-0.2226563,-0.1953125,-1.1875
ACCEL,2011-03-17 11:04:19.473,106,637,-0.1289063,-0.2421875,-1.867188
ACCEL,2011-03-17 11:04:19.493,106,638,-0.2382813,-0.1523438,-1.375
ACCEL,2011-03-17 11:04:19.513,106,639,-0.4960938,-0.1679688,-1.347656
ACCEL,2011-03-17 11:04:19.533,106,640,-0.328125,-0.1015625,-1.335938
ACCEL,2011-03-17 11:04:19.553,106,641,-0.15625,-0.05859375,-1.148438
ACCEL,2011-03-17 11:04:19.573,106,642,-0.09375,-0.0859375,-0.9726563
ACCEL,2011-03-17 11:04:19.593,106,643,0.01171875,-0.015625,-0.3984375
ACCEL,2011-03-17 11:04:19.605,106,644,0.1484375,-0.08984375,-0.6640625
ACCEL,2011-03-17 11:04:19.625,106,645,0.07421875,-0.109375,-0.5820313
ACCEL,2011-03-17 11:04:19.645,106,646,0.05078125,-0.046875,-0.5195313
ACCEL,2011-03-17 11:04:19.665,106,647,-0.1367188,-0.1289063,-0.8203125
ACCEL,2011-03-17 11:04:19.685,106,648,-0.01171875,-0.03515625,-0.8554688
ACCEL,2011-03-17 11:04:19.705,106,649,0.0234375,0,-1.023438
ACCEL,2011-03-17 11:04:19.725,106,650,-0.06640625,-0.05859375,-1.128906
ACCEL,2011-03-17 11:04:19.745,106,651,-0.1953125,-0.2382813,-1.082031
ACCEL,2011-03-17 11:04:19.765,106,652,0.0703125,0.109375,-1.789063
ACCEL,2011-03-17 11:04:19.786,106,653,-0.2148438,-0.09765625,-1.351563
ACCEL,2011-03-17 11:04:19.806,106,654,-0.4804688,-0.171875,-1.269531
ACCEL,2011-03-17 11:04:19.826,106,655,-0.3242188,-0.0625,-1.28125
ACCEL,2011-03-17 11:04:19.846,106,656,-0.1679688,-0.1015625,-0.9023438
ACCEL,2011-03-17 11:04:19.866,106,657,-0.046875,-0.1132813,-0.8203125
ACCEL,2011-03-17 11:04:19.886,106,658,0.07421875,-0.0390625,-0.8984375
ACCEL,2011-03-17 11:04:19.906,106,659,-0.15625,-0.1835938,-0.6914063
ACCEL,2011-03-17 11:04:19.922,106,660,0.046875,-0.0078125,-0.4453125
ACCEL,2011-03-17 11:04:19.942,106,661,-0.0390625,-0.1484375,-0.5078125
ACCEL,2011-03-17 11:04:19.962,106,662,-0.09375,-0.1601563,-0.7851563
ACCEL,2011-03-17 11:04:19.982,106,663,-0.06640625,-0.09765625,-0.796875
ACCEL,2011-03-17 11:04:20.002,106,664,-0.01953125,-0.0078125,-1.058594
ACCEL,2011-03-17 11:04:20.022,106,665,-0.1640625,-0.09765625,-0.9765625
ACCEL,2011-03-17 11:04:20.042,106,666,-0.08984375,-0.05859375,-1.132813
ACCEL,2011-03-17 11:04:20.062,106,667,-0.2617188,-0.203125,-1.246094
ACCEL,2011-03-17 11:04:20.078,106,668,0.03125,-0.109375,-1.886719
ACCEL,2011-03-17 11:04:20.098,106,669,-0.0625,-0.125,-1.308594
ACCEL,2011-03-17 11:04:20.118,106,670,-0.3476563,-0.1796875,-1.273438
ACCEL,2011-03-17 11:04:20.138,106,671,-0.3476563,-0.0859375,-1.183594
ACCEL,2011-03-17 11:04:20.158,106,672,-0.1445313,-0.01953125,-0.8945313
ACCEL,2011-03-17 11:04:20.178,106,673,-0.1523438,-0.1210938,-0.8828125
ACCEL,2011-03-17 11:04:20.198,106,674,-0.01953125,-0.06640625,-0.8085938
ACCEL,2011-03-17 11:04:20.218,106,675,0.01953125,-0.08203125,-0.703125
ACCEL,2011-03-17 11:04:20.235,106,676,0.00390625,-0.06640625,-0.5351563
ACCEL,2011-03-17 11:04:20.255,106,677,-0.09765625,-0.08984375,-0.6210938
ACCEL,2011-03-17 11:04:20.275,106,678,-0.05859375,-0.02734375,-0.7773438
ACCEL,2011-03-17 11:04:20.295,106,679,0.109375,0.08203125,-0.9804688
ACCEL,2011-03-17 11:04:20.315,106,680,-0.1367188,-0.1289063,-1.039063
ACCEL,2011-03-17 11:04:20.335,106,681,-0.03515625,-0.02734375,-0.9101563
ACCEL,2011-03-17 11:04:20.355,106,682,0.046875,-0.21875,-1.683594
ACCEL,2011-03-17 11:04:20.375,106,683,-0.4375,-0.1484375,-1.15625
ACCEL,2011-03-17 11:04:20.391,106,684,-0.4804688,-0.2304688,-1.34375
ACCEL,2011-03-17 11:04:20.411,106,685,-0.2851563,-0.1171875,-1.363281
ACCEL,2011-03-17 11:04:20.431,106,686,-0.1171875,-0.0625,-1.171875
ACCEL,2011-03-17 11:04:20.451,106,687,-0.0625,-0.07421875,-1.039063
ACCEL,2011-03-17 11:04:20.471,106,688,-0.4414063,-0.0859375,-0.6875
ACCEL,2011-03-17 11:04:20.491,106,689,-0.03125,0.01171875,-0.5585938
ACCEL,2011-03-17 11:04:20.511,106,690,0,-0.08984375,-0.5742188
ACCEL,2011-03-17 11:04:20.531,106,691,0.06640625,-0.00390625,-0.5820313
ACCEL,2011-03-17 11:04:20.531,106,692,-0.07421875,-0.1445313,-0.6796875
ACCEL,2011-03-17 11:04:20.551,106,693,-0.09375,-0.0546875,-0.734375
ACCEL,2011-03-17 11:04:20.571,106,694,0.0546875,0.1132813,-0.9804688
ACCEL,2011-03-17 11:04:20.591,106,695,-0.1484375,-0.1015625,-1.046875
ACCEL,2011-03-17 11:04:20.611,106,696,0.09375,-0.265625,-1.625
ACCEL,2011-03-17 11:04:20.631,106,697,0.9765625,-0.0390625,-2.03125
ACCEL,2011-03-17 11:04:20.651,106,698,-0.4257813,-0.1914063,-1.363281
ACCEL,2011-03-17 11:04:20.671,106,699,-0.3515625,-0.1640625,-1.28125
ACCEL,2011-03-17 11:04:20.688,106,700,-0.2929688,-0.1289063,-1.316406
ACCEL,2011-03-17 11:04:20.708,106,701,0.046875,0.0234375,-0.8828125
ACCEL,2011-03-17 11:04:20.728,106,702,0.0546875,-0.08984375,-0.9453125
ACCEL,2011-03-17 11:04:20.748,106,703,0.08984375,0.015625,-0.8710938
ACCEL,2011-03-17 11:04:20.768,106,704,-0.0390625,-0.0625,-0.6367188
ACCEL,2011-03-17 11:04:20.788,106,705,0.01171875,-0.0078125,-0.5820313
ACCEL,2011-03-17 11:04:20.808,106,706,-0.03125,-0.06640625,-0.5390625
ACCEL,2011-03-17 11:04:20.828,106,707,-0.015625,-0.0625,-0.7421875
ACCEL,2011-03-17 11:04:20.860,106,708,-0.05859375,-0.046875,-0.84375
ACCEL,2011-03-17 11:04:20.880,106,709,0.01171875,-0.04296875,-1.035156
ACCEL,2011-03-17 11:04:20.900,106,710,0.0546875,0.04296875,-1.179688
ACCEL,2011-03-17 11:04:20.920,106,711,-0.984375,-0.3046875,-1.109375
ACCEL,2011-03-17 11:04:20.940,106,712,0.8125,0.4179688,-2.152344
ACCEL,2011-03-17 11:04:20.960,106,713,-0.08203125,-0.1523438,-1.316406
ACCEL,2011-03-17 11:04:20.980,106,714,-0.3242188,-0.1679688,-1.257813
ACCEL,2011-03-17 11:04:21.000,106,715,-0.3007813,-0.140625,-1.269531
ACCEL,2011-03-17 11:04:21.011,106,716,-0.2773438,-0.05078125,-1.164063
ACCEL,2011-03-17 11:04:21.031,106,717,0.00390625,-0.046875,-1.035156
ACCEL,2011-03-17 11:04:21.051,106,718,-0.05078125,-0.1523438,-0.7695313
ACCEL,2011-03-17 11:04:21.071,106,719,0.1679688,0.09765625,-0.65625
ACCEL,2011-03-17 11:04:21.091,106,720,-0.0546875,-0.0390625,-0.5859375
ACCEL,2011-03-17 11:04:21.111,106,721,-0.109375,-0.0859375,-0.5039063
ACCEL,2011-03-17 11:04:21.131,106,722,-0.1875,-0.1640625,-0.7304688
ACCEL,2011-03-17 11:04:21.151,106,723,0.0234375,-0.06640625,-0.8867188
ACCEL,2011-03-17 11:04:21.171,106,724,-0.03515625,-0.09375,-0.8007813
ACCEL,2011-03-17 11:04:21.188,106,725,-0.015625,-0.0234375,-1.070313
ACCEL,2011-03-17 11:04:21.208,106,726,-0.01171875,0.02734375,-1.238281
ACCEL,2011-03-17 11:04:21.228,106,727,-0.046875,-0.1367188,-1.453125
ACCEL,2011-03-17 11:04:21.248,106,728,-0.08203125,-0.03515625,-1.832031
ACCEL,2011-03-17 11:04:21.268,106,729,-0.2734375,-0.08203125,-1.324219
ACCEL,2011-03-17 11:04:21.288,106,730,-0.1328125,-0.01171875,-1.027344
ACCEL,2011-03-17 11:04:21.308,106,731,-0.07421875,-0.125,-1.191406
ACCEL,2011-03-17 11:04:21.328,106,732,-0.08203125,-0.1289063,-1.011719
ACCEL,2011-03-17 11:04:21.344,106,733,-0.04296875,-0.109375,-0.9414063
ACCEL,2011-03-17 11:04:21.364,106,734,-0.08984375,-0.140625,-0.8867188
ACCEL,2011-03-17 11:04:21.384,106,735,-0.1289063,-0.1015625,-0.546875
ACCEL,2011-03-17 11:04:21.404,106,736,-0.0625,-0.0234375,-0.640625
ACCEL,2011-03-17 11:04:21.424,106,737,-0.1640625,-0.1289063,-0.7070313
ACCEL,2011-03-17 11:04:21.444,106,738,-0.08203125,-0.04296875,-0.828125
ACCEL,2011-03-17 11:04:21.464,106,739,-0.234375,-0.109375,-0.875
ACCEL,2011-03-17 11:04:21.484,106,740,0.1210938,0.0546875,-1.195313
ACCEL,2011-03-17 11:04:21.661,106,749,-0.1992188,-0.171875,-0.8828125
ACCEL,2011-03-17 11:04:21.681,106,750,-0.01171875,-0.078125,-0.6132813
ACCEL,2011-03-17 11:04:21.701,106,751,-0.05078125,-0.1015625,-0.6289063
ACCEL,2011-03-17 11:04:21.721,106,752,-0.09765625,-0.09375,-0.5546875
ACCEL,2011-03-17 11:04:21.741,106,753,-0.1171875,-0.1328125,-0.875
ACCEL,2011-03-17 11:04:21.761,106,754,-0.0390625,-0.05859375,-0.9335938
ACCEL,2011-03-17 11:04:21.781,106,755,-0.2382813,-0.1367188,-0.7695313
ACCEL,2011-03-17 11:04:21.793,106,756,-0.0234375,-0.00390625,-1.15625
ACCEL,2011-03-17 11:04:21.813,106,757,0.046875,0.0703125,-1.226563
ACCEL,2011-03-17 11:04:21.833,106,758,0.01953125,-0.1523438,-1.511719
ACCEL,2011-03-17 11:04:21.853,106,759,0.015625,0.03515625,-1.757813
ACCEL,2011-03-17 11:04:21.873,106,760,-0.1757813,-0.09375,-1.34375
ACCEL,2011-03-17 11:04:21.893,106,761,-0.109375,-0.03125,-1.371094
ACCEL,2011-03-17 11:04:21.913,106,762,-0.08984375,-0.1015625,-1.082031
ACCEL,2011-03-17 11:04:21.933,106,763,-0.28125,-0.1015625,-0.859375
ACCEL,2011-03-17 11:04:21.953,106,764,0.07421875,-0.1015625,-0.9140625
ACCEL,2011-03-17 11:04:21.949,106,765,0.05859375,-0.09765625,-0.7304688
ACCEL,2011-03-17 11:04:21.969,106,766,-0.00390625,-0.1601563,-0.5703125
ACCEL,2011-03-17 11:04:21.989,106,767,0.01171875,-0.01171875,-0.6992188
ACCEL,2011-03-17 11:04:22.009,106,768,-0.21875,-0.2734375,-0.65625
ACCEL,2011-03-17 11:04:22.029,106,769,0.03125,-0.0625,-1.046875
ACCEL,2011-03-17 11:04:22.049,106,770,0.05859375,0.00390625,-0.9609375
ACCEL,2011-03-17 11:04:22.069,106,771,0.02734375,0.0078125,-1.003906
ACCEL,2011-03-17 11:04:22.089,106,772,-0.08203125,-0.0625,-1.171875
ACCEL,2011-03-17 11:04:22.109,106,773,-0.71875,-0.5039063,-1.128906
ACCEL,2011-03-17 11:04:22.130,106,774,0.109375,0.05859375,-2.0625
ACCEL,2011-03-17 11:04:22.150,106,775,-0.1953125,-0.140625,-1.253906
ACCEL,2011-03-17 11:04:22.170,106,776,-0.3125,-0.15625,-1.1875
ACCEL,2011-03-17 11:04:22.190,106,777,-0.1171875,-0.0546875,-1.050781
ACCEL,2011-03-17 11:04:22.210,106,778,-0.00390625,-0.21875,-1.125
ACCEL,2011-03-17 11:04:22.230,106,779,-0.09765625,-0.1367188,-0.8710938
ACCEL,2011-03-17 11:04:22.250,106,780,0.1210938,-0.09765625,-0.6835938
ACCEL,2011-03-17 11:04:22.266,106,781,0.01171875,-0.1679688,-0.7929688
ACCEL,2011-03-17 11:04:22.286,106,782,0.01953125,0,-0.390625
ACCEL,2011-03-17 11:04:22.306,106,783,-0.2109375,-0.1875,-0.6992188
ACCEL,2011-03-17 11:04:22.326,106,784,0.01171875,-0.0390625,-0.8515625
ACCEL,2011-03-17 11:04:22.346,106,785,0.1445313,0.01953125,-0.9804688
ACCEL,2011-03-17 11:04:22.366,106,786,-0.04296875,0.01171875,-0.9179688
ACCEL,2011-03-17 11:04:22.386,106,787,-0.0703125,-0.0625,-1.117188
ACCEL,2011-03-17 11:04:22.406,106,788,-0.0546875,-0.1992188,-1.457031
ACCEL,2011-03-17 11:04:22.418,106,789,-0.203125,-0.08203125,-1.710938
ACCEL,2011-03-17 11:04:22.438,106,790,-0.1210938,-0.1054688,-1.367188
ACCEL,2011-03-17 11:04:22.458,106,791,-0.6015625,-0.1484375,-0.9921875
ACCEL,2011-03-17 11:04:22.478,106,792,-0.2265625,-0.1132813,-1.113281
ACCEL,2011-03-17 11:04:22.498,106,793,-0.1132813,-0.1445313,-1.011719
ACCEL,2011-03-17 11:04:22.518,106,794,-0.0234375,-0.0625,-0.8554688
ACCEL,2011-03-17 11:04:22.538,106,795,-0.046875,-0.1015625,-0.7773438
ACCEL,2011-03-17 11:04:22.558,106,796,0.03515625,-0.03125,-0.53125
ACCEL,2011-03-17 11:04:22.578,106,797,-0.05859375,-0.05078125,-0.5234375
ACCEL,2011-03-17 11:04:22.594,106,798,-0.1289063,-0.08984375,-0.7226563
ACCEL,2011-03-17 11:04:22.614,106,799,-0.1601563,-0.0390625,-0.8632813
ACCEL,2011-03-17 11:04:22.634,106,800,0.08984375,0.05078125,-1.050781
ACCEL,2011-03-17 11:04:22.654,106,801,-0.0234375,-0.08984375,-1.09375
ACCEL,2011-03-17 11:04:22.674,106,802,-0.2265625,-0.2382813,-1.148438
ACCEL,2011-03-17 11:04:22.694,106,803,-0.07421875,-0.2226563,-1.839844
ACCEL,2011-03-17 11:04:22.714,106,804,-0.0234375,0.00390625,-1.445313
ACCEL,2011-03-17 11:04:22.734,106,805,-0.2695313,-0.15625,-1.164063
ACCEL,2011-03-17 11:04:22.750,106,806,-0.1289063,-0.0703125,-1.292969
ACCEL,2011-03-17 11:04:22.770,106,807,-0.09375,-0.1210938,-1.046875
ACCEL,2011-03-17 11:04:22.790,106,808,-0.1132813,-0.0703125,-1.054688
ACCEL,2011-03-17 11:04:22.810,106,809,0.0234375,-0.0703125,-0.8554688
ACCEL,2011-03-17 11:04:22.830,106,810,-0.03125,-0.0546875,-0.6953125
ACCEL,2011-03-17 11:04:22.850,106,811,0.015625,-0.0390625,-0.5429688
ACCEL,2011-03-17 11:04:22.870,106,812,-0.05078125,-0.08984375,-0.546875
ACCEL,2011-03-17 11:04:22.890,106,813,-0.1484375,-0.1132813,-0.8164063
ACCEL,2011-03-17 11:04:22.906,106,814,-0.05859375,-0.0546875,-0.8164063
ACCEL,2011-03-17 11:04:22.926,106,815,0.00390625,-0.01953125,-1.085938
ACCEL,2011-03-17 11:04:22.946,106,816,-0.07421875,-0.078125,-1.101563
ACCEL,2011-03-17 11:04:22.966,106,817,-0.3476563,-0.1523438,-1.125
ACCEL,2011-03-17 11:04:22.986,106,818,-0.6054688,-0.3515625,-1.429688
ACCEL,2011-03-17 11:04:23.006,106,819,-0.0625,-0.01171875,-1.355469
ACCEL,2011-03-17 11:04:23.026,106,820,-0.2265625,-0.15625,-1.257813
ACCEL,2011-03-17 11:04:23.046,106,821,-0.3398438,-0.1835938,-1.25
ACCEL,2011-03-17 11:04:23.063,106,822,-0.2148438,-0.1289063,-1.175781
ACCEL,2011-03-17 11:04:23.083,106,823,0.0546875,-0.03515625,-0.875
ACCEL,2011-03-17 11:04:23.103,106,824,0.1015625,-0.0390625,-0.5703125
ACCEL,2011-03-17 11:04:23.123,106,825,0.078125,-0.04296875,-0.640625
ACCEL,2011-03-17 11:04:23.143,106,826,0.09765625,0,-0.7382813
ACCEL,2011-03-17 11:04:23.163,106,827,0.01953125,0.015625,-0.5742188
ACCEL,2011-03-17 11:04:23.183,106,828,-0.1328125,-0.1367188,-0.7148438
ACCEL,2011-03-17 11:04:23.203,106,829,-0.0546875,-0.0078125,-1.050781
ACCEL,2011-03-17 11:04:23.215,106,830,-0.0859375,-0.01171875,-0.984375
ACCEL,2011-03-17 11:04:23.235,106,831,-0.1875,-0.1445313,-1.097656
ACCEL,2011-03-17 11:04:23.255,106,832,-0.1210938,-0.078125,-1.296875
ACCEL,2011-03-17 11:04:23.275,106,833,-0.2578125,-0.1875,-1.390625
ACCEL,2011-03-17 11:04:23.295,106,834,-0.328125,-0.1601563,-1.5
ACCEL,2011-03-17 11:04:23.315,106,835,-0.2578125,-0.1132813,-1.40625
ACCEL,2011-03-17 11:04:23.335,106,836,-0.21875,-0.1210938,-1.234375
ACCEL,2011-03-17 11:04:23.355,106,837,0.02734375,0.01171875,-1.15625
ACCEL,2011-03-17 11:04:23.375,106,838,-0.0078125,-0.0625,-0.8828125
ACCEL,2011-03-17 11:04:23.391,106,839,-0.1054688,-0.2304688,-0.7890625
ACCEL,2011-03-17 11:04:23.411,106,840,-0.03125,-0.046875,-0.6601563
ACCEL,2011-03-17 11:04:23.431,106,841,-0.078125,-0.05859375,-0.5664063
ACCEL,2011-03-17 11:04:23.451,106,842,0.00390625,-0.05078125,-0.5664063
ACCEL,2011-03-17 11:04:23.471,106,843,-0.2148438,-0.1757813,-0.8242188
ACCEL,2011-03-17 11:04:23.491,106,844,-0.125,-0.1054688,-1.152344
ACCEL,2011-03-17 11:04:23.511,106,845,-0.1015625,-0.125,-1.003906
ACCEL,2011-03-17 11:04:23.531,106,846,-0.1953125,-0.09765625,-1.074219
ACCEL,2011-03-17 11:04:23.547,106,847,-0.1679688,-0.0625,-1.246094
ACCEL,2011-03-17 11:04:23.567,106,848,-0.2070313,-0.0859375,-1.273438
ACCEL,2011-03-17 11:04:23.587,106,849,-0.265625,-0.08984375,-1.285156
ACCEL,2011-03-17 11:04:23.607,106,850,-0.3203125,-0.0703125,-1.277344
ACCEL,2011-03-17 11:04:23.627,106,851,-0.328125,-0.0703125,-1.277344
ACCEL,2011-03-17 11:04:23.647,106,852,-0.2460938,-0.08203125,-1.1875
ACCEL,2011-03-17 11:04:23.667,106,853,-0.1171875,0.0078125,-1.152344
ACCEL,2011-03-17 11:04:23.687,106,854,-0.21875,-0.1132813,-0.8867188
ACCEL,2011-03-17 11:04:23.703,106,855,-0.1523438,-0.125,-0.7929688
ACCEL,2011-03-17 11:04:23.723,106,856,0.01953125,0.02734375,-0.8164063
ACCEL,2011-03-17 11:04:23.743,106,857,0.08984375,0.05078125,-0.5546875
ACCEL,2011-03-17 11:04:23.763,106,858,-0.1328125,-0.08203125,-0.5546875
ACCEL,2011-03-17 11:04:23.783,106,859,0.02734375,0.0234375,-0.9140625
ACCEL,2011-03-17 11:04:23.803,106,860,-0.05078125,0.00390625,-0.9765625
ACCEL,2011-03-17 11:04:23.823,106,861,0.08203125,0.1171875,-1.003906
ACCEL,2011-03-17 11:04:23.843,106,862,-0.2617188,-0.1054688,-1.03125
ACCEL,2011-03-17 11:04:23.864,106,863,-0.125,-0.0703125,-1.121094
ACCEL,2011-03-17 11:04:23.884,106,864,-0.5273438,-0.3945313,-2.238281
ACCEL,2011-03-17 11:04:23.904,106,865,-0.2421875,-0.00390625,-1.296875
ACCEL,2011-03-17 11:04:23.924,106,866,-0.265625,-0.1132813,-1.195313
ACCEL,2011-03-17 11:04:23.944,106,867,-0.1640625,-0.1054688,-1.191406
ACCEL,2011-03-17 11:04:23.964,106,868,-0.4765625,-0.08984375,-1.105469
ACCEL,2011-03-17 11:04:23.984,106,869,0.0859375,0.2578125,-0.6367188
ACCEL,2011-03-17 11:04:23.985,106,870,-0.0078125,-0.21875,-0.640625
ACCEL,2011-03-17 11:04:24.005,106,871,-0.1054688,-0.2226563,-0.6953125
ACCEL,2011-03-17 11:04:24.025,106,872,0.0390625,0.0390625,-0.7773438
ACCEL,2011-03-17 11:04:24.045,106,873,-0.125,-0.09765625,-0.6679688
ACCEL,2011-03-17 11:04:24.065,106,874,-0.09375,-0.0078125,-0.9609375
ACCEL,2011-03-17 11:04:24.085,106,875,-0.125,-0.09765625,-0.9140625
ACCEL,2011-03-17 11:04:24.105,106,876,-0.1679688,-0.02734375,-1.121094
ACCEL,2011-03-17 11:04:24.125,106,877,-0.2109375,-0.109375,-1.152344
ACCEL,2011-03-17 11:04:24.141,106,878,-0.3515625,-0.1367188,-1.375
ACCEL,2011-03-17 11:04:24.161,106,879,-0.3125,-0.140625,-1.457031
ACCEL,2011-03-17 11:04:24.181,106,880,-0.2578125,-0.1015625,-1.402344
ACCEL,2011-03-17 11:04:24.201,106,881,-0.21875,-0.109375,-1.226563
ACCEL,2011-03-17 11:04:24.221,106,882,-0.1953125,-0.1289063,-1.089844
ACCEL,2011-03-17 11:04:24.241,106,883,-0.1953125,-0.140625,-0.9609375
ACCEL,2011-03-17 11:04:24.261,106,884,-0.1796875,-0.15625,-0.8359375
ACCEL,2011-03-17 11:04:24.281,106,885,-0.1640625,-0.0703125,-0.6484375
ACCEL,2011-03-17 11:04:24.313,106,886,0.04296875,-0.01953125,-0.3789063
ACCEL,2011-03-17 11:04:24.333,106,887,0.03125,-0.1210938,-0.578125
ACCEL,2011-03-17 11:04:24.353,106,888,-0.0234375,-0.1289063,-0.7617188
ACCEL,2011-03-17 11:04:24.373,106,889,-0.2773438,-0.21875,-1.035156
ACCEL,2011-03-17 11:04:24.393,106,890,-0.2226563,-0.1445313,-1.015625
ACCEL,2011-03-17 11:04:24.413,106,891,-0.2421875,-0.09375,-1.199219
ACCEL,2011-03-17 11:04:24.433,106,892,-0.3671875,-0.1640625,-1.214844
ACCEL,2011-03-17 11:04:24.453,106,893,-0.2109375,-0.140625,-1.199219
ACCEL,2011-03-17 11:04:24.469,106,894,-0.328125,-0.15625,-1.230469
ACCEL,2011-03-17 11:04:24.489,106,895,-0.2929688,-0.06640625,-1.347656
ACCEL,2011-03-17 11:04:24.509,106,896,-0.2539063,-0.0390625,-1.152344
ACCEL,2011-03-17 11:04:24.529,106,897,-0.2226563,-0.0859375,-1.128906
ACCEL,2011-03-17 11:04:24.549,106,898,-0.1835938,-0.109375,-1.054688
ACCEL,2011-03-17 11:04:24.569,106,899,-0.1015625,-0.05078125,-1.015625
ACCEL,2011-03-17 11:04:24.589,106,900,-0.1796875,-0.1054688,-0.7734375
ACCEL,2011-03-17 11:04:24.609,106,901,0.0390625,-0.01171875,-0.5585938
ACCEL,2011-03-17 11:04:24.605,106,902,0.0078125,-0.03515625,-0.625
ACCEL,2011-03-17 11:04:24.625,106,903,-0.1328125,-0.1015625,-0.71875
ACCEL,2011-03-17 11:04:24.645,106,904,-0.1210938,-0.0703125,-0.9375
ACCEL,2011-03-17 11:04:24.665,106,905,-0.04296875,0.03515625,-0.9882813
ACCEL,2011-03-17 11:04:24.685,106,906,-0.1835938,-0.0234375,-0.9453125
ACCEL,2011-03-17 11:04:24.705,106,907,-0.2421875,-0.0625,-1.148438
ACCEL,2011-03-17 11:04:24.725,106,908,-0.2929688,-0.1601563,-1.296875
ACCEL,2011-03-17 11:04:24.745,106,909,-0.2851563,-0.1445313,-1.425781
ACCEL,2011-03-17 11:04:24.765,106,910,-0.2617188,-0.08984375,-1.425781
ACCEL,2011-03-17 11:04:24.801,106,911,-0.2382813,-0.0703125,-1.265625
ACCEL,2011-03-17 11:04:24.821,106,912,-0.3125,-0.06640625,-1.136719
ACCEL,2011-03-17 11:04:24.841,106,913,0.1210938,0.02734375,-0.9023438
ACCEL,2011-03-17 11:04:24.861,106,914,-0.125,-0.1953125,-0.828125
ACCEL,2011-03-17 11:04:24.881,106,915,-0.1953125,-0.1992188,-0.9140625
ACCEL,2011-03-17 11:04:24.901,106,916,-0.1640625,-0.1367188,-0.9335938
ACCEL,2011-03-17 11:04:24.921,106,917,0.03515625,0.01171875,-0.859375
ACCEL,2011-03-17 11:04:24.918,106,918,-0.1328125,-0.2695313,-0.59375
ACCEL,2011-03-17 11:04:24.938,106,919,-0.03515625,-0.046875,-0.7382813
ACCEL,2011-03-17 11:04:24.958,106,920,-0.1054688,-0.1171875,-0.9453125
ACCEL,2011-03-17 11:04:24.978,106,921,-0.1796875,-0.1328125,-1.105469
ACCEL,2011-03-17 11:04:24.998,106,922,-0.03515625,-0.06640625,-1.179688
ACCEL,2011-03-17 11:04:25.018,106,923,-0.1796875,-0.1679688,-1.042969
ACCEL,2011-03-17 11:04:25.038,106,924,-0.1875,-0.1328125,-1.210938
ACCEL,2011-03-17 11:04:25.058,106,925,-0.28125,-0.1875,-1.191406
ACCEL,2011-03-17 11:04:25.078,106,926,-0.2148438,-0.109375,-1.265625
ACCEL,2011-03-17 11:04:25.094,106,927,-0.2148438,-0.03515625,-1.171875
ACCEL,2011-03-17 11:04:25.114,106,928,-0.25,-0.1210938,-1.03125
ACCEL,2011-03-17 11:04:25.134,106,929,-0.2421875,-0.15625,-1.054688
ACCEL,2011-03-17 11:04:25.154,106,930,-0.171875,-0.125,-1.121094
ACCEL,2011-03-17 11:04:25.174,106,931,-0.2304688,-0.0390625,-0.9453125
ACCEL,2011-03-17 11:04:25.194,106,932,0.00390625,0.01171875,-0.6601563
ACCEL,2011-03-17 11:04:25.214,106,933,-0.03125,-0.06640625,-0.5078125
ACCEL,2011-03-17 11:04:25.234,106,934,-0.1132813,-0.09765625,-0.6679688
ACCEL,2011-03-17 11:04:25.246,106,935,-0.1328125,-0.07421875,-0.8554688
ACCEL,2011-03-17 11:04:25.266,106,936,-0.234375,-0.08203125,-0.8085938
ACCEL,2011-03-17 11:04:25.286,106,937,-0.2734375,-0.01171875,-0.9140625
ACCEL,2011-03-17 11:04:25.306,106,938,-0.1328125,-0.03125,-1.074219
ACCEL,2011-03-17 11:04:25.326,106,939,-0.2382813,-0.109375,-1.242188
ACCEL,2011-03-17 11:04:25.346,106,940,-0.3007813,-0.2226563,-1.464844
ACCEL,2011-03-17 11:04:25.366,106,941,-0.2265625,-0.08984375,-1.46875
ACCEL,2011-03-17 11:04:25.386,106,942,-0.1171875,0.05859375,-1.441406
ACCEL,2011-03-17 11:04:25.406,106,943,-0.1992188,-0.09375,-1.15625
ACCEL,2011-03-17 11:04:25.438,106,944,-0.1132813,-0.04296875,-0.9570313
ACCEL,2011-03-17 11:04:25.458,106,945,-0.05859375,-0.09765625,-0.9375
ACCEL,2011-03-17 11:04:25.478,106,946,0.00390625,-0.046875,-0.9257813
ACCEL,2011-03-17 11:04:25.498,106,947,-0.1679688,-0.1875,-0.8242188
ACCEL,2011-03-17 11:04:25.518,106,948,0,-0.01953125,-0.6601563
ACCEL,2011-03-17 11:04:25.538,106,949,-0.1171875,-0.1875,-0.5273438
ACCEL,2011-03-17 11:04:25.558,106,950,-0.1132813,-0.1445313,-0.7734375
ACCEL,2011-03-17 11:04:25.578,106,951,-0.171875,-0.140625,-0.9375
ACCEL,2011-03-17 11:04:25.578,106,952,-0.09765625,-0.1289063,-1.007813
ACCEL,2011-03-17 11:04:25.598,106,953,-0.1757813,-0.109375,-0.9960938
ACCEL,2011-03-17 11:04:25.618,106,954,-0.1679688,-0.0390625,-1.1875
ACCEL,2011-03-17 11:04:25.638,106,955,-0.3710938,-0.1640625,-1.226563
ACCEL,2011-03-17 11:04:25.658,106,956,-0.3046875,-0.1171875,-1.398438
ACCEL,2011-03-17 11:04:25.678,106,957,-0.2617188,-0.1132813,-1.335938
ACCEL,2011-03-17 11:04:25.698,106,958,-0.1289063,-0.03515625,-1.296875
ACCEL,2011-03-17 11:04:25.718,106,959,-0.1679688,-0.125,-1.082031
ACCEL,2011-03-17 11:04:25.750,106,960,-0.171875,-0.140625,-1.011719
ACCEL,2011-03-17 11:04:25.770,106,961,-0.1015625,-0.09765625,-0.9335938
ACCEL,2011-03-17 11:04:25.790,106,962,-0.01953125,-0.0859375,-0.8984375
ACCEL,2011-03-17 11:04:25.810,106,963,0.0703125,-0.01953125,-0.7148438
ACCEL,2011-03-17 11:04:25.830,106,964,-0.05078125,-0.1015625,-0.5390625
ACCEL,2011-03-17 11:04:25.850,106,965,-0.05859375,-0.1289063,-0.6992188
ACCEL,2011-03-17 11:04:25.870,106,966,-0.125,-0.125,-1.019531
ACCEL,2011-03-17 11:04:25.890,106,967,-0.0625,-0.08984375,-1.117188
ACCEL,2011-03-17 11:04:25.886,106,968,0.01171875,-0.0390625,-1.167969
ACCEL,2011-03-17 11:04:25.906,106,969,-0.1679688,-0.08984375,-1.128906
ACCEL,2011-03-17 11:04:25.926,106,970,-0.2421875,-0.125,-1.234375
ACCEL,2011-03-17 11:04:25.946,106,971,-0.28125,-0.1523438,-1.410156
ACCEL,2011-03-17 11:04:25.966,106,972,-0.28125,-0.1289063,-1.386719
ACCEL,2011-03-17 11:04:25.986,106,973,-0.2265625,-0.05078125,-1.265625
ACCEL,2011-03-17 11:04:26.006,106,974,-0.1796875,-0.08984375,-1.070313
ACCEL,2011-03-17 11:04:26.026,106,975,-0.1132813,-0.140625,-0.9921875
ACCEL,2011-03-17 11:04:26.046,106,976,-0.08203125,-0.1171875,-0.9726563
ACCEL,2011-03-17 11:04:26.078,106,977,-0.1640625,-0.1367188,-0.765625
ACCEL,2011-03-17 11:04:26.098,106,978,0.015625,-0.03515625,-0.625
ACCEL,2011-03-17 11:04:26.118,106,979,0.01171875,-0.0390625,-0.6132813
ACCEL,2011-03-17 11:04:26.138,106,980,-0.08984375,-0.1132813,-0.6953125
ACCEL,2011-03-17 11:04:26.158,106,981,-0.1445313,-0.1015625,-0.953125
ACCEL,2011-03-17 11:04:26.178,106,982,-0.171875,-0.125,-0.953125
ACCEL,2011-03-17 11:04:26.198,106,983,-0.2539063,-0.01171875,-0.9375
ACCEL,2011-03-17 11:04:26.218,106,984,-0.171875,-0.03515625,-1.109375
ACCEL,2011-03-17 11:04:26.230,106,985,-0.265625,-0.1484375,-1.148438
ACCEL,2011-03-17 11:04:26.250,106,986,-0.2070313,-0.0859375,-1.417969
ACCEL,2011-03-17 11:04:26.270,106,987,-0.2460938,-0.08984375,-1.390625
ACCEL,2011-03-17 11:04:26.290,106,988,-0.2421875,-0.09765625,-1.3125
ACCEL,2011-03-17 11:04:26.310,106,989,-0.1875,-0.07421875,-1.179688
ACCEL,2011-03-17 11:04:26.330,106,990,-0.03515625,-0.0859375,-1
ACCEL,2011-03-17 11:04:26.350,106,991,-0.0078125,-0.1367188,-0.96875
ACCEL,2011-03-17 11:04:26.370,106,992,0.07421875,-0.06640625,-0.7304688
ACCEL,2011-03-17 11:04:26.390,106,993,-0.046875,-0.08203125,-0.7460938
ACCEL,2011-03-17 11:04:26.402,106,994,0.05078125,0.01953125,-0.6210938
ACCEL,2011-03-17 11:04:26.422,106,995,-0.1679688,-0.1328125,-0.7148438
ACCEL,2011-03-17 11:04:26.442,106,996,-0.109375,-0.0546875,-0.953125
ACCEL,2011-03-17 11:04:26.462,106,997,0.02734375,0.0078125,-1.089844
ACCEL,2011-03-17 11:04:26.482,106,998,-0.078125,-0.07421875,-1.023438
ACCEL,2011-03-17 11:04:26.502,106,999,-0.140625,-0.0546875,-1.167969
ACCEL,2011-03-17 11:04:26.522,106,1000,-0.265625,-0.1914063,-1.34375
ACCEL,2011-03-17 11:04:26.542,106,1001,-0.21875,-0.1132813,-1.4375
ACCEL,2011-03-17 11:04:26.562,106,1002,-0.265625,-0.140625,-1.363281
ACCEL,2011-03-17 11:04:26.574,106,1003,-0.2695313,-0.08984375,-1.285156
ACCEL,2011-03-17 11:04:26.594,106,1004,-0.05859375,0.0234375,-0.9453125
ACCEL,2011-03-17 11:04:26.614,106,1005,-0.078125,-0.1679688,-1.003906
ACCEL,2011-03-17 11:04:26.634,106,1006,0.0234375,-0.06640625,-0.9296875
ACCEL,2011-03-17 11:04:26.654,106,1007,-0.1328125,-0.1640625,-0.8632813
ACCEL,2011-03-17 11:04:26.674,106,1008,-0.03125,-0.07421875,-0.6054688
ACCEL,2011-03-17 11:04:26.694,106,1009,-0.109375,-0.0859375,-0.515625
ACCEL,2011-03-17 11:04:26.714,106,1010,0.0703125,0.02734375,-0.6757813
ACCEL,2011-03-17 11:04:26.734,106,1011,-0.1796875,-0.1640625,-0.9804688
ACCEL,2011-03-17 11:04:26.746,106,1012,-0.0625,-0.1328125,-1.125
ACCEL,2011-03-17 11:04:26.766,106,1013,-0.3125,-0.1445313,-1.054688
ACCEL,2011-03-17 11:04:26.786,106,1014,-0.08984375,-0.0078125,-1.070313
ACCEL,2011-03-17 11:04:26.806,106,1015,-0.09375,-0.08984375,-1.25
ACCEL,2011-03-17 11:04:26.826,106,1016,-0.3710938,-0.203125,-1.164063
ACCEL,2011-03-17 11:04:26.846,106,1017,-0.34375,-0.1289063,-1.378906
ACCEL,2011-03-17 11:04:26.866,106,1018,-0.2851563,-0.1132813,-1.347656
ACCEL,2011-03-17 11:04:26.886,106,1019,-0.1914063,-0.04296875,-1.191406
ACCEL,2011-03-17 11:04:26.906,106,1020,0.01171875,-0.04296875,-0.96875
ACCEL,2011-03-17 11:04:26.938,106,1021,-0.1445313,-0.1640625,-0.9804688
ACCEL,2011-03-17 11:04:26.958,106,1022,0.0078125,-0.04296875,-1
ACCEL,2011-03-17 11:04:26.978,106,1023,-0.1171875,-0.1367188,-0.75
ACCEL,2011-03-17 11:04:26.998,106,1024,-0.0078125,-0.1054688,-0.546875
ACCEL,2011-03-17 11:04:27.018,106,1025,-0.015625,-0.01953125,-0.5898438
ACCEL,2011-03-17 11:04:27.038,106,1026,-0.1796875,-0.0703125,-0.6953125
ACCEL,2011-03-17 11:04:27.058,106,1027,-0.1601563,-0.0546875,-0.9179688
ACCEL,2011-03-17 11:04:27.078,106,1028,-0.171875,-0.0390625,-0.7929688
ACCEL,2011-03-17 11:04:27.090,106,1029,-0.1796875,0.00390625,-1.074219
ACCEL,2011-03-17 11:04:27.110,106,1030,-0.1523438,-0.01953125,-1.195313
ACCEL,2011-03-17 11:04:27.130,106,1031,-0.3164063,-0.1992188,-1.191406
ACCEL,2011-03-17 11:04:27.150,106,1032,-0.3554688,-0.203125,-1.683594
ACCEL,2011-03-17 11:04:27.170,106,1033,-0.2578125,-0.03515625,-1.417969
ACCEL,2011-03-17 11:04:27.190,106,1034,-0.234375,-0.09375,-1.207031
ACCEL,2011-03-17 11:04:27.210,106,1035,-0.3984375,-0.05859375,-0.9804688
ACCEL,2011-03-17 11:04:27.230,106,1036,0.01953125,-0.03125,-0.796875
ACCEL,2011-03-17 11:04:27.250,106,1037,0,-0.1523438,-0.9375
ACCEL,2011-03-17 11:04:27.246,106,1038,-0.0078125,-0.125,-0.9023438
ACCEL,2011-03-17 11:04:27.266,106,1039,-0.01171875,-0.09375,-0.78125
ACCEL,2011-03-17 11:04:27.286,106,1040,-0.0390625,-0.1171875,-0.6523438
ACCEL,2011-03-17 11:04:27.306,106,1041,0,-0.05078125,-0.6796875
ACCEL,2011-03-17 11:04:27.326,106,1042,-0.2265625,-0.1289063,-0.7460938
ACCEL,2011-03-17 11:04:27.346,106,1043,-0.06640625,-0.0234375,-1.023438
ACCEL,2011-03-17 11:04:27.366,106,1044,-0.2304688,-0.078125,-0.9726563
ACCEL,2011-03-17 11:04:27.386,106,1045,-0.234375,-0.0703125,-1.074219
ACCEL,2011-03-17 11:04:27.406,106,1046,-0.1132813,-0.06640625,-1.277344
ACCEL,2011-03-17 11:04:27.442,106,1047,-0.3476563,-0.15625,-1.230469
ACCEL,2011-03-17 11:04:27.462,106,1048,-0.3125,-0.109375,-1.378906
ACCEL,2011-03-17 11:04:27.482,106,1049,-0.2070313,-0.05078125,-1.328125
ACCEL,2011-03-17 11:04:27.502,106,1050,-0.1289063,-0.0546875,-1.234375
ACCEL,2011-03-17 11:04:27.522,106,1051,0.00390625,-0.05859375,-1.121094
ACCEL,2011-03-17 11:04:27.542,106,1052,-0.1640625,-0.1835938,-1.058594
ACCEL,2011-03-17 11:04:27.562,106,1053,-0.046875,-0.09765625,-1.148438
ACCEL,2011-03-17 11:04:27.574,106,1054,-0.109375,-0.1328125,-0.9375
ACCEL,2011-03-17 11:04:27.594,106,1055,-0.05859375,-0.1289063,-0.6914063
ACCEL,2011-03-17 11:04:27.614,106,1056,-0.01953125,-0.06640625,-0.6523438
ACCEL,2011-03-17 11:04:27.634,106,1057,-0.046875,-0.046875,-0.546875
ACCEL,2011-03-17 11:04:27.654,106,1058,-0.1289063,-0.1132813,-0.8046875
ACCEL,2011-03-17 11:04:27.674,106,1059,-0.0234375,-0.03125,-1.007813
ACCEL,2011-03-17 11:04:27.694,106,1060,-0.1445313,-0.0625,-0.8671875
ACCEL,2011-03-17 11:04:27.714,106,1061,-0.078125,-0.0546875,-1.011719
ACCEL,2011-03-17 11:04:27.734,106,1062,-0.09375,-0.0703125,-1.234375
ACCEL,2011-03-17 11:04:27.730,106,1063,-0.3359375,-0.2109375,-1.300781
ACCEL,2011-03-17 11:04:27.750,106,1064,-0.234375,-0.06640625,-1.492188
ACCEL,2011-03-17 11:04:27.770,106,1065,-0.2265625,-0.03515625,-1.367188
ACCEL,2011-03-17 11:04:27.790,106,1066,-0.3164063,-0.109375,-1.125
ACCEL,2011-03-17 11:04:27.810,106,1067,-0.21875,-0.1484375,-1.074219
ACCEL,2011-03-17 11:04:27.830,106,1068,-0.0546875,-0.08984375,-1.128906
ACCEL,2011-03-17 11:04:27.850,106,1069,0.015625,-0.08203125,-0.8867188
ACCEL,2011-03-17 11:04:27.870,106,1070,0.0234375,-0.08203125,-0.75
ACCEL,2011-03-17 11:04:27.890,106,1071,0.00390625,-0.09375,-0.625
ACCEL,2011-03-17 11:04:27.918,106,1072,0.0078125,0.0078125,-0.640625
ACCEL,2011-03-17 11:04:27.938,106,1073,-0.171875,-0.0859375,-0.7539063
ACCEL,2011-03-17 11:04:27.958,106,1074,-0.09375,-0.0078125,-0.8242188
ACCEL,2011-03-17 11:04:27.978,106,1075,-0.0859375,-0.015625,-0.859375
ACCEL,2011-03-17 11:04:27.998,106,1076,-0.1289063,-0.015625,-0.96875
ACCEL,2011-03-17 11:04:28.018,106,1077,-0.1601563,-0.0546875,-1.257813
ACCEL,2011-03-17 11:04:28.038,106,1078,-0.234375,-0.1171875,-1.421875
ACCEL,2011-03-17 11:04:28.058,106,1079,-0.2460938,-0.1171875,-1.484375
ACCEL,2011-03-17 11:04:28.078,106,1080,-0.2304688,-0.1289063,-1.46875
ACCEL,2011-03-17 11:04:28.094,106,1081,-0.1796875,-0.09765625,-1.304688
ACCEL,2011-03-17 11:04:28.114,106,1082,-0.15625,-0.078125,-1.1875
ACCEL,2011-03-17 11:04:28.134,106,1083,0.02734375,0.0234375,-1.210938
ACCEL,2011-03-17 11:04:28.154,106,1084,-0.03125,-0.1328125,-0.90625
ACCEL,2011-03-17 11:04:28.174,106,1085,-0.01171875,-0.0546875,-0.8085938
ACCEL,2011-03-17 11:04:28.194,106,1086,0.08203125,-0.0078125,-0.5976563
ACCEL,2011-03-17 11:04:28.214,106,1087,-0.08203125,-0.046875,-0.5625
ACCEL,2011-03-17 11:04:28.234,106,1088,-0.1640625,-0.125,-0.6015625
ACCEL,2011-03-17 11:04:28.250,106,1089,-0.125,-0.109375,-0.8242188
ACCEL,2011-03-17 11:04:28.270,106,1090,-0.0859375,-0.0859375,-1.042969
ACCEL,2011-03-17 11:04:28.290,106,1091,0.1015625,-0.0390625,-1.203125
ACCEL,2011-03-17 11:04:28.310,106,1092,0.07421875,-0.0078125,-1.25
ACCEL,2011-03-17 11:04:28.330,106,1093,-0.2929688,-0.1875,-1.226563
ACCEL,2011-03-17 11:04:28.350,106,1094,-0.28125,-0.046875,-1.46875
ACCEL,2011-03-17 11:04:28.370,106,1095,-0.2773438,-0.06640625,-1.453125
ACCEL,2011-03-17 11:04:28.390,106,1096,-0.2695313,-0.08203125,-1.359375
ACCEL,2011-03-17 11:04:28.402,106,1097,-0.1875,-0.07421875,-1.234375
ACCEL,2011-03-17 11:04:28.422,106,1098,0.1171875,0.015625,-1.253906
ACCEL,2011-03-17 11:04:28.442,106,1099,-0.1835938,-0.1171875,-0.9296875
ACCEL,2011-03-17 11:04:28.462,106,1100,-0.1132813,-0.04296875,-0.7109375
ACCEL,2011-03-17 11:04:28.482,106,1101,0.0390625,-0.078125,-0.5820313
ACCEL,2011-03-17 11:04:28.502,106,1102,-0.0078125,-0.08984375,-0.5195313
ACCEL,2011-03-17 11:04:28.522,106,1103,0.0234375,-0.02734375,-0.5507813
ACCEL,2011-03-17 11:04:28.542,106,1104,-0.1328125,-0.1289063,-0.8320313
ACCEL,2011-03-17 11:04:28.562,106,1105,0.046875,-0.0234375,-0.9179688
ACCEL,2011-03-17 11:04:28.578,106,1106,-0.1445313,-0.07421875,-0.8242188
ACCEL,2011-03-17 11:04:28.598,106,1107,-0.09765625,-0.0859375,-1.105469
ACCEL,2011-03-17 11:04:28.618,106,1108,-0.15625,-0.140625,-1.359375
ACCEL,2011-03-17 11:04:28.638,106,1109,-0.3320313,-0.2148438,-1.675781
ACCEL,2011-03-17 11:04:28.658,106,1110,-0.2226563,-0.140625,-1.578125
ACCEL,2011-03-17 11:04:28.678,106,1111,-0.234375,-0.0078125,-1.488281
ACCEL,2011-03-17 11:04:28.698,106,1112,-0.1679688,-0.015625,-1.121094
ACCEL,2011-03-17 11:04:28.718,106,1113,-0.01171875,-0.015625,-0.953125
ACCEL,2011-03-17 11:04:28.735,106,1114,-0.08203125,-0.06640625,-1.167969
ACCEL,2011-03-17 11:04:28.755,106,1115,0.01953125,-0.01171875,-0.8359375
ACCEL,2011-03-17 11:04:28.775,106,1116,-0.04296875,-0.125,-0.6015625
ACCEL,2011-03-17 11:04:28.795,106,1117,-0.0703125,-0.08203125,-0.6523438
ACCEL,2011-03-17 11:04:28.815,106,1118,-0.03125,-0.09765625,-0.4570313
ACCEL,2011-03-17 11:04:28.835,106,1119,-0.1484375,-0.1523438,-0.6367188
ACCEL,2011-03-17 11:04:28.855,106,1120,-0.05859375,-0.07421875,-0.6796875
ACCEL,2011-03-17 11:04:28.875,106,1121,0.08203125,-0.03515625,-1.167969
ACCEL,2011-03-17 11:04:28.886,106,1122,-0.203125,-0.1210938,-0.9804688
ACCEL,2011-03-17 11:04:28.906,106,1123,-0.06640625,-0.09765625,-1.191406
ACCEL,2011-03-17 11:04:28.926,106,1124,-0.2890625,-0.1796875,-1.414063
ACCEL,2011-03-17 11:04:28.946,106,1125,-0.2382813,-0.0625,-1.640625
ACCEL,2011-03-17 11:04:28.966,106,1126,-0.2734375,-0.109375,-1.546875
ACCEL,2011-03-17 11:04:28.986,106,1127,-0.06640625,-0.01953125,-1.429688
ACCEL,2011-03-17 11:04:29.006,106,1128,-0.1289063,-0.1328125,-1.300781
ACCEL,2011-03-17 11:04:29.026,106,1129,-0.09765625,-0.1328125,-0.9882813
ACCEL,2011-03-17 11:04:29.046,106,1130,-0.0234375,0.0078125,-1
ACCEL,2011-03-17 11:04:29.047,106,1131,-0.01171875,-0.1171875,-0.6679688
ACCEL,2011-03-17 11:04:29.067,106,1132,-0.0703125,-0.2070313,-0.5820313
ACCEL,2011-03-17 11:04:29.087,106,1133,0.0078125,-0.0234375,-0.6679688
ACCEL,2011-03-17 11:04:29.107,106,1134,-0.01953125,-0.1289063,-0.5585938
ACCEL,2011-03-17 11:04:29.127,106,1135,-0.2148438,-0.1210938,-0.734375
ACCEL,2011-03-17 11:04:29.147,106,1136,0.015625,-0.07421875,-0.9257813
ACCEL,2011-03-17 11:04:29.167,106,1137,0.03125,0,-0.8515625
ACCEL,2011-03-17 11:04:29.187,106,1138,-0.046875,-0.015625,-1.082031
ACCEL,2011-03-17 11:04:29.219,106,1139,-0.125,-0.0078125,-1.273438
ACCEL,2011-03-17 11:04:29.239,106,1140,-0.2382813,-0.06640625,-1.515625
ACCEL,2011-03-17 11:04:29.259,106,1141,-0.25,-0.1757813,-1.824219
ACCEL,2011-03-17 11:04:29.279,106,1142,-0.1796875,-0.03125,-1.566406
ACCEL,2011-03-17 11:04:29.299,106,1143,-0.06640625,0.03515625,-1.3125
ACCEL,2011-03-17 11:04:29.319,106,1144,0.01953125,-0.05078125,-1.175781
ACCEL,2011-03-17 11:04:29.339,106,1145,0.0546875,-0.078125,-1.109375
ACCEL,2011-03-17 11:04:29.359,106,1146,-0.08203125,-0.1757813,-0.9882813
ACCEL,2011-03-17 11:04:29.371,106,1147,-0.03125,-0.02734375,-0.828125
ACCEL,2011-03-17 11:04:29.391,106,1148,-0.02734375,-0.1601563,-0.6171875
ACCEL,2011-03-17 11:04:29.411,106,1149,0.05078125,-0.0703125,-0.5625
ACCEL,2011-03-17 11:04:29.431,106,1150,0.00390625,-0.03125,-0.3789063
ACCEL,2011-03-17 11:04:29.451,106,1151,-0.09375,-0.03125,-0.5664063
ACCEL,2011-03-17 11:04:29.471,106,1152,0.0546875,0.01171875,-0.7929688
ACCEL,2011-03-17 11:04:29.491,106,1153,-0.046875,-0.01953125,-0.8984375
ACCEL,2011-03-17 11:04:29.511,106,1154,-0.05078125,-0.03515625,-1.207031
ACCEL,2011-03-17 11:04:29.531,106,1155,-0.2070313,-0.109375,-1.429688
ACCEL,2011-03-17 11:04:29.547,106,1156,-0.2304688,-0.1367188,-1.804688
ACCEL,2011-03-17 11:04:29.567,106,1157,-0.1367188,-0.0390625,-1.585938
ACCEL,2011-03-17 11:04:29.587,106,1158,-0.3085938,0.0078125,-1.363281
ACCEL,2011-03-17 11:04:29.607,106,1159,-0.234375,-0.078125,-1.273438
ACCEL,2011-03-17 11:04:29.627,106,1160,-0.1875,-0.09375,-0.890625
ACCEL,2011-03-17 11:04:29.647,106,1161,0.0859375,0.0625,-0.875
ACCEL,2011-03-17 11:04:29.667,106,1162,0.01953125,-0.06640625,-0.8203125
ACCEL,2011-03-17 11:04:29.687,106,1163,-0.05078125,-0.140625,-0.71875
ACCEL,2011-03-17 11:04:29.703,106,1164,-0.0546875,-0.125,-0.7148438
ACCEL,2011-03-17 11:04:29.723,106,1165,-0.0390625,-0.1796875,-0.578125
ACCEL,2011-03-17 11:04:29.743,106,1166,0.02734375,-0.1445313,-0.6992188
ACCEL,2011-03-17 11:04:29.763,106,1167,-0.0546875,-0.1015625,-0.8632813
ACCEL,2011-03-17 11:04:29.783,106,1168,-0.1640625,-0.1132813,-1.015625
ACCEL,2011-03-17 11:04:29.803,106,1169,0.046875,0.03125,-1.152344
ACCEL,2011-03-17 11:04:29.823,106,1170,0.03515625,-0.01171875,-1.40625
ACCEL,2011-03-17 11:04:29.843,106,1171,-0.3359375,-0.1679688,-1.496094
ACCEL,2011-03-17 11:04:29.864,106,1172,-0.1953125,-0.07421875,-1.695313
ACCEL,2011-03-17 11:04:29.884,106,1173,-0.1132813,-0.05078125,-1.546875
ACCEL,2011-03-17 11:04:29.904,106,1174,-0.1132813,-0.0625,-1.300781
ACCEL,2011-03-17 11:04:29.924,106,1175,0.0859375,-0.00390625,-1.027344
ACCEL,2011-03-17 11:04:29.944,106,1176,-0.015625,-0.1601563,-0.9414063
ACCEL,2011-03-17 11:04:29.964,106,1177,0.05859375,-0.0703125,-0.78125
ACCEL,2011-03-17 11:04:29.984,106,1178,-0.05859375,-0.1679688,-0.6796875
ACCEL,2011-03-17 11:04:30.000,106,1179,-0.0625,0.1289063,-0.3554688
ACCEL,2011-03-17 11:04:30.020,106,1180,0.1171875,-0.1640625,-0.5390625
ACCEL,2011-03-17 11:04:30.040,106,1181,-0.0234375,-0.1835938,-0.7695313
ACCEL,2011-03-17 11:04:30.060,106,1182,0.0703125,0,-0.5859375
ACCEL,2011-03-17 11:04:30.080,106,1183,0.05078125,-0.03515625,-1.089844
ACCEL,2011-03-17 11:04:30.100,106,1184,0.06640625,-0.00390625,-1.160156
ACCEL,2011-03-17 11:04:30.120,106,1185,-0.0078125,0.02734375,-1.3125
ACCEL,2011-03-17 11:04:30.140,106,1186,-0.3164063,-0.1015625,-1.316406
ACCEL,2011-03-17 11:04:30.156,106,1187,-0.3085938,-0.015625,-1.503906
ACCEL,2011-03-17 11:04:30.176,106,1188,-0.1640625,0.05078125,-1.53125
ACCEL,2011-03-17 11:04:30.196,106,1189,-0.0703125,-0.0234375,-1.332031
ACCEL,2011-03-17 11:04:30.216,106,1190,-0.2382813,-0.09765625,-1.046875
ACCEL,2011-03-17 11:04:30.236,106,1191,-0.1523438,-0.1054688,-1.019531
ACCEL,2011-03-17 11:04:30.256,106,1192,-0.01171875,0.0078125,-0.953125
ACCEL,2011-03-17 11:04:30.276,106,1193,0.0703125,-0.0390625,-0.6484375
ACCEL,2011-03-17 11:04:30.296,106,1194,0.1328125,-0.08984375,-0.53125
ACCEL,2011-03-17 11:04:30.308,106,1195,0.08203125,-0.07421875,-0.4179688
ACCEL,2011-03-17 11:04:30.328,106,1196,-0.1484375,-0.09765625,-0.6640625
ACCEL,2011-03-17 11:04:30.348,106,1197,0.01171875,0.03125,-0.7539063
ACCEL,2011-03-17 11:04:30.368,106,1198,-0.02734375,-0.0234375,-0.9375
ACCEL,2011-03-17 11:04:30.388,106,1199,0.05859375,0.0078125,-1.074219
ACCEL,2011-03-17 11:04:30.408,106,1200,-0.1171875,-0.0625,-1.386719
ACCEL,2011-03-17 11:04:30.428,106,1201,0.015625,-0.01171875,-1.6875
ACCEL,2011-03-17 11:04:30.448,106,1202,-0.1054688,-0.2109375,-1.832031
ACCEL,2011-03-17 11:04:30.468,106,1203,-0.2109375,-0.0625,-1.527344
ACCEL,2011-03-17 11:04:30.480,106,1204,-0.0703125,0.08984375,-1.105469
ACCEL,2011-03-17 11:04:30.500,106,1205,0.08203125,0.0390625,-0.9570313
ACCEL,2011-03-17 11:04:30.520,106,1206,0.2109375,-0.0546875,-0.8789063
ACCEL,2011-03-17 11:04:30.540,106,1207,0.1953125,-0.08984375,-0.8085938
ACCEL,2011-03-17 11:04:30.560,106,1208,0.171875,-0.08203125,-0.71875
ACCEL,2011-03-17 11:04:30.580,106,1209,0.1367188,-0.09765625,-0.7148438
ACCEL,2011-03-17 11:04:30.600,106,1210,0.1601563,-0.046875,-0.578125
ACCEL,2011-03-17 11:04:30.620,106,1211,0.0625,-0.1367188,-0.5859375
ACCEL,2011-03-17 11:04:30.640,106,1212,0.1640625,0.01171875,-0.8867188
ACCEL,2011-03-17 11:04:30.656,106,1213,0.2226563,0.00390625,-0.9609375
ACCEL,2011-03-17 11:04:30.676,106,1214,0.234375,-0.02734375,-1.191406
ACCEL,2011-03-17 11:04:30.696,106,1215,-0.0234375,-0.125,-1.25
ACCEL,2011-03-17 11:04:30.716,106,1216,-0.1171875,-0.140625,-1.484375
ACCEL,2011-03-17 11:04:30.736,106,1217,-0.1328125,-0.078125,-1.515625
ACCEL,2011-03-17 11:04:30.756,106,1218,0.0703125,0.0625,-1.46875
ACCEL,2011-03-17 11:04:30.776,106,1219,0.03125,-0.03515625,-1.179688
ACCEL,2011-03-17 11:04:30.796,106,1220,0.1367188,0.01953125,-1.078125
ACCEL,2011-03-17 11:04:30.813,106,1221,0.1679688,-0.0078125,-0.8945313
ACCEL,2011-03-17 11:04:30.833,106,1222,0.2109375,-0.046875,-0.7929688
ACCEL,2011-03-17 11:04:30.853,106,1223,0.1757813,-0.1054688,-0.6132813
ACCEL,2011-03-17 11:04:30.873,106,1224,0.1484375,-0.046875,-0.5351563
ACCEL,2011-03-17 11:04:30.893,106,1225,0.1367188,-0.04296875,-0.4492188
ACCEL,2011-03-17 11:04:30.913,106,1226,0.1953125,-0.06640625,-0.625
ACCEL,2011-03-17 11:04:30.933,106,1227,0.1992188,-0.09765625,-0.7695313
ACCEL,2011-03-17 11:04:30.953,106,1228,0.1289063,-0.09765625,-0.9140625
ACCEL,2011-03-17 11:04:30.969,106,1229,0.1640625,-0.0234375,-1.160156
ACCEL,2011-03-17 11:04:30.989,106,1230,0.0078125,-0.1328125,-1.460938
ACCEL,2011-03-17 11:04:31.009,106,1231,-0.04296875,-0.1289063,-1.585938
ACCEL,2011-03-17 11:04:31.029,106,1232,-0.1757813,-0.1289063,-1.546875
ACCEL,2011-03-17 11:04:31.049,106,1233,0.109375,0.08984375,-1.316406
ACCEL,2011-03-17 11:04:31.069,106,1234,0.1796875,0.05078125,-0.921875
ACCEL,2011-03-17 11:04:31.089,106,1235,0.171875,-0.07421875,-1.136719
ACCEL,2011-03-17 11:04:31.109,106,1236,0.1835938,0.08203125,-1.046875
ACCEL,2011-03-17 11:04:31.121,106,1237,0.2539063,-0.0078125,-0.7617188
ACCEL,2011-03-17 11:04:31.141,106,1238,0.3046875,-0.1171875,-0.734375
ACCEL,2011-03-17 11:04:31.161,106,1239,0.1835938,-0.1679688,-0.6445313
ACCEL,2011-03-17 11:04:31.181,106,1240,0.125,-0.0234375,-0.546875
ACCEL,2011-03-17 11:04:31.201,106,1241,0.1679688,0.04296875,-0.5273438
ACCEL,2011-03-17 11:04:31.221,106,1242,0.3085938,0.09375,-0.6171875
ACCEL,2011-03-17 11:04:31.241,106,1243,0.421875,0.078125,-1.109375
ACCEL,2011-03-17 11:04:31.261,106,1244,0.3125,0.0390625,-1.292969
ACCEL,2011-03-17 11:04:31.281,106,1245,0.09765625,-0.03515625,-1.453125
ACCEL,2011-03-17 11:04:31.297,106,1246,0.03125,-0.08203125,-1.472656
ACCEL,2011-03-17 11:04:31.317,106,1247,0.015625,-0.09765625,-1.539063
ACCEL,2011-03-17 11:04:31.337,106,1248,0.15625,0.0703125,-1.226563
ACCEL,2011-03-17 11:04:31.357,106,1249,0.1875,-0.0546875,-1.050781
ACCEL,2011-03-17 11:04:31.377,106,1250,0.3125,-0.02734375,-1.1875
ACCEL,2011-03-17 11:04:31.397,106,1251,0.4023438,0.03515625,-0.90625
ACCEL,2011-03-17 11:04:31.417,106,1252,0.3984375,-0.0546875,-0.6953125
ACCEL,2011-03-17 11:04:31.437,106,1253,0.3828125,-0.0625,-0.5507813
ACCEL,2011-03-17 11:04:31.449,106,1254,0.2695313,-0.04296875,-0.578125
ACCEL,2011-03-17 11:04:31.469,106,1255,0.1445313,-0.08203125,-0.5
ACCEL,2011-03-17 11:04:31.489,106,1256,0.2851563,0.03515625,-0.7773438
ACCEL,2011-03-17 11:04:31.509,106,1257,0.265625,-0.01953125,-0.8867188
ACCEL,2011-03-17 11:04:31.529,106,1258,0.2695313,0.0859375,-1.164063
ACCEL,2011-03-17 11:04:31.549,106,1259,0.109375,-0.03125,-1.433594
ACCEL,2011-03-17 11:04:31.569,106,1260,0.0625,-0.0546875,-1.566406
ACCEL,2011-03-17 11:04:31.589,106,1261,-0.05859375,-0.0703125,-1.574219
ACCEL,2011-03-17 11:04:31.609,106,1262,0.09765625,0.109375,-1.308594
ACCEL,2011-03-17 11:04:31.625,106,1263,0.1601563,-0.01171875,-1.191406
ACCEL,2011-03-17 11:04:31.645,106,1264,0.40625,-0.0234375,-1.328125
ACCEL,2011-03-17 11:04:31.665,106,1265,0.5507813,-0.03515625,-1.039063
ACCEL,2011-03-17 11:04:31.685,106,1266,0.3554688,-0.1289063,-0.984375
ACCEL,2011-03-17 11:04:31.705,106,1267,0.3007813,-0.1171875,-0.8085938
ACCEL,2011-03-17 11:04:31.725,106,1268,0.2929688,-0.08203125,-0.640625
ACCEL,2011-03-17 11:04:31.745,106,1269,0.2421875,-0.01953125,-0.5039063
ACCEL,2011-03-17 11:04:31.765,106,1270,0.1210938,-0.0546875,-0.546875
ACCEL,2011-03-17 11:04:31.777,106,1271,0.2617188,0.0390625,-0.8320313
ACCEL,2011-03-17 11:04:31.797,106,1272,0.3085938,0.07421875,-1.023438
ACCEL,2011-03-17 11:04:31.817,106,1273,0.15625,0.03125,-1.300781
ACCEL,2011-03-17 11:04:31.837,106,1274,-0.06640625,-0.03125,-1.191406
ACCEL,2011-03-17 11:04:31.857,106,1275,0.02734375,-0.0546875,-1.460938
ACCEL,2011-03-17 11:04:31.877,106,1276,-0.08203125,-0.07421875,-1.484375
ACCEL,2011-03-17 11:04:31.897,106,1277,0.1445313,0.09765625,-1.4375
ACCEL,2011-03-17 11:04:31.917,106,1278,-0.00390625,-0.09375,-1.050781
ACCEL,2011-03-17 11:04:31.937,106,1279,0.1640625,-0.01171875,-1.152344
ACCEL,2011-03-17 11:04:31.953,106,1280,0.40625,0.1484375,-0.90625
ACCEL,2011-03-17 11:04:31.973,106,1281,0.2539063,-0.1875,-1
ACCEL,2011-03-17 11:04:31.993,106,1282,0.1679688,-0.0390625,-0.6992188
ACCEL,2011-03-17 11:04:32.013,106,1283,0.1445313,-0.046875,-0.5664063
ACCEL,2011-03-17 11:04:32.033,106,1284,0.21875,-0.0078125,-0.5429688
ACCEL,2011-03-17 11:04:32.053,106,1285,0.234375,-0.01171875,-0.5859375
ACCEL,2011-03-17 11:04:32.073,106,1286,0.1523438,-0.0234375,-0.8515625
ACCEL,2011-03-17 11:04:32.093,106,1287,0.1953125,0.0390625,-0.9570313
ACCEL,2011-03-17 11:04:32.110,106,1288,0.1445313,0.02734375,-1.203125
ACCEL,2011-03-17 11:04:32.130,106,1289,0.03125,0.00390625,-1.398438
ACCEL,2011-03-17 11:04:32.150,106,1290,-0.05859375,-0.0625,-1.339844
ACCEL,2011-03-17 11:04:32.170,106,1291,-0.109375,-0.04296875,-1.414063
ACCEL,2011-03-17 11:04:32.190,106,1292,0.04296875,0.06640625,-1.414063
ACCEL,2011-03-17 11:04:32.210,106,1293,-0.03515625,-0.04296875,-1.15625
ACCEL,2011-03-17 11:04:32.230,106,1294,0.1289063,-0.03515625,-1.082031
ACCEL,2011-03-17 11:04:32.250,106,1295,0.5195313,0.00390625,-1.488281
ACCEL,2011-03-17 11:04:32.266,106,1296,0.07421875,-0.1796875,-0.828125
ACCEL,2011-03-17 11:04:32.286,106,1297,0.3320313,0.1132813,-0.6640625
ACCEL,2011-03-17 11:04:32.306,106,1298,0.3515625,-0.1015625,-0.9140625
ACCEL,2011-03-17 11:04:32.326,106,1299,0.1679688,-0.0625,-0.5859375
ACCEL,2011-03-17 11:04:32.346,106,1300,0.1992188,0.04296875,-0.6328125
ACCEL,2011-03-17 11:04:32.366,106,1301,0.1679688,0.0625,-0.7421875
ACCEL,2011-03-17 11:04:32.386,106,1302,-0.07421875,-0.0390625,-0.7617188
ACCEL,2011-03-17 11:04:32.406,106,1303,0.109375,0.1289063,-1.078125
ACCEL,2011-03-17 11:04:32.438,106,1304,-0.06640625,-0.01171875,-1.253906
ACCEL,2011-03-17 11:04:32.458,106,1305,-0.015625,-0.0234375,-1.496094
ACCEL,2011-03-17 11:04:32.478,106,1306,-0.05859375,-0.0390625,-1.484375
ACCEL,2011-03-17 11:04:32.498,106,1307,-0.03125,-0.03515625,-1.511719
ACCEL,2011-03-17 11:04:32.518,106,1308,-0.0234375,-0.09375,-1.285156
ACCEL,2011-03-17 11:04:32.538,106,1309,-0.0078125,0,-1.199219
ACCEL,2011-03-17 11:04:32.558,106,1310,-0.05859375,0.0703125,-0.8203125
ACCEL,2011-03-17 11:04:32.578,106,1311,0.265625,0.00390625,-0.6484375
ACCEL,2011-03-17 11:04:32.574,106,1312,0.2617188,-0.1601563,-0.84375
ACCEL,2011-03-17 11:04:32.594,106,1313,0.234375,-0.015625,-0.8164063
ACCEL,2011-03-17 11:04:32.614,106,1314,0.1640625,-0.015625,-0.5859375
ACCEL,2011-03-17 11:04:32.634,106,1315,0.1523438,0.015625,-0.5625
ACCEL,2011-03-17 11:04:32.654,106,1316,0.1914063,0.07421875,-0.6601563
ACCEL,2011-03-17 11:04:32.674,106,1317,0.1601563,0.078125,-0.9296875
ACCEL,2011-03-17 11:04:32.694,106,1318,0.1289063,0.09375,-1.007813
ACCEL,2011-03-17 11:04:32.714,106,1319,-0.08203125,0.03125,-0.921875
ACCEL,2011-03-17 11:04:32.734,106,1320,-0.1679688,-0.05859375,-1.4375
ACCEL,2011-03-17 11:04:32.750,106,1321,-0.09765625,-0.02734375,-1.464844
ACCEL,2011-03-17 11:04:32.770,106,1322,0.01171875,0.02734375,-1.519531
ACCEL,2011-03-17 11:04:32.790,106,1323,0.00390625,0.01953125,-1.039063
ACCEL,2011-03-17 11:04:32.810,106,1324,-0.0078125,-0.0625,-1.046875
ACCEL,2011-03-17 11:04:32.830,106,1325,0.1679688,0.03125,-1.125
ACCEL,2011-03-17 11:04:32.850,106,1326,0.1757813,0.01953125,-0.8515625
ACCEL,2011-03-17 11:04:32.870,106,1327,0.125,-0.1289063,-0.8476563
ACCEL,2011-03-17 11:04:32.890,106,1328,0.2929688,0.05078125,-0.6523438
ACCEL,2011-03-17 11:04:32.906,106,1329,0.2460938,0.02734375,-0.5390625
ACCEL,2011-03-17 11:04:32.926,106,1330,0.1054688,-0.015625,-0.5429688
ACCEL,2011-03-17 11:04:32.946,106,1331,0.1640625,0.05859375,-0.7851563
ACCEL,2011-03-17 11:04:32.966,106,1332,0.1640625,0.0625,-0.9140625
ACCEL,2011-03-17 11:04:32.986,106,1333,0.1796875,0.1054688,-1.136719
ACCEL,2011-03-17 11:04:33.006,106,1334,-0.07421875,-0.07421875,-1.085938
ACCEL,2011-03-17 11:04:33.026,106,1335,-0.01953125,-0.03125,-1.417969
ACCEL,2011-03-17 11:04:33.046,106,1336,-0.078125,-0.0234375,-1.398438
ACCEL,2011-03-17 11:04:33.063,106,1337,-0.1445313,-0.07421875,-1.398438
ACCEL,2011-03-17 11:04:33.083,106,1338,0.01953125,0.03515625,-1.277344
ACCEL,2011-03-17 11:04:33.103,106,1339,-0.015625,0.00390625,-1.171875
ACCEL,2011-03-17 11:04:33.123,106,1340,0.171875,0.05859375,-1.019531
ACCEL,2011-03-17 11:04:33.143,106,1341,0.375,0.0078125,-1.011719
ACCEL,2011-03-17 11:04:33.163,106,1342,0.2265625,-0.09765625,-0.7890625
ACCEL,2011-03-17 11:04:33.183,106,1343,0.3164063,0.02734375,-0.7304688
ACCEL,2011-03-17 11:04:33.203,106,1344,0.1640625,-0.1171875,-0.6289063
ACCEL,2011-03-17 11:04:33.386,106,1354,0.1484375,0.0078125,-1.058594
ACCEL,2011-03-17 11:04:33.406,106,1355,-0.01171875,-0.1679688,-1.136719
ACCEL,2011-03-17 11:04:33.426,106,1356,0.1679688,0.0546875,-1.082031
ACCEL,2011-03-17 11:04:33.446,106,1357,0.4765625,-0.1445313,-1.191406
ACCEL,2011-03-17 11:04:33.466,106,1358,0.1953125,-0.2265625,-0.8046875
ACCEL,2011-03-17 11:04:33.486,106,1359,0.1015625,-0.1796875,-0.84375
ACCEL,2011-03-17 11:04:33.506,106,1360,0.06640625,-0.0859375,-0.7382813
ACCEL,2011-03-17 11:04:33.526,106,1361,0.0625,0.00390625,-0.6679688
ACCEL,2011-03-17 11:04:33.546,106,1362,0.109375,0.1015625,-0.6992188
ACCEL,2011-03-17 11:04:33.563,106,1363,-0.078125,-0.1132813,-0.9101563
ACCEL,2011-03-17 11:04:33.583,106,1364,0.28125,0.1015625,-0.953125
ACCEL,2011-03-17 11:04:33.603,106,1365,0.1601563,0.05078125,-1.171875
ACCEL,2011-03-17 11:04:33.623,106,1366,0.1679688,0.0859375,-1.226563
ACCEL,2011-03-17 11:04:33.643,106,1367,-0.03125,-0.05859375,-1.304688
ACCEL,2011-03-17 11:04:33.663,106,1368,0.0078125,-0.0546875,-1.261719
ACCEL,2011-03-17 11:04:33.683,106,1369,-0.0390625,-0.07421875,-1.378906
ACCEL,2011-03-17 11:04:33.703,106,1370,-0.06640625,-0.1015625,-1.375
ACCEL,2011-03-17 11:04:33.719,106,1371,0.03125,-0.0703125,-1.246094
ACCEL,2011-03-17 11:04:33.739,106,1372,0.046875,-0.1289063,-1.160156
ACCEL,2011-03-17 11:04:33.759,106,1373,0.1132813,-0.02734375,-1.027344
ACCEL,2011-03-17 11:04:33.779,106,1374,0.03125,-0.1015625,-1.164063
ACCEL,2011-03-17 11:04:33.799,106,1375,0.1210938,-0.1054688,-0.7265625
ACCEL,2011-03-17 11:04:33.819,106,1376,0.1992188,0.1171875,-0.625
ACCEL,2011-03-17 11:04:33.839,106,1377,0.234375,0.0234375,-0.59375
ACCEL,2011-03-17 11:04:33.859,106,1378,0.1367188,0.00390625,-0.6289063
ACCEL,2011-03-17 11:04:33.871,106,1379,0.1210938,0.1132813,-0.84375
ACCEL,2011-03-17 11:04:33.891,106,1380,0.04296875,0.0859375,-0.96875
ACCEL,2011-03-17 11:04:33.911,106,1381,-0.046875,0.00390625,-1.125
ACCEL,2011-03-17 11:04:33.931,106,1382,-0.03515625,-0.08203125,-1.289063
ACCEL,2011-03-17 11:04:33.951,106,1383,-0.046875,-0.1210938,-1.464844
ACCEL,2011-03-17 11:04:33.971,106,1384,-0.1054688,-0.1171875,-1.476563
ACCEL,2011-03-17 11:04:33.991,106,1385,-0.3320313,-0.046875,-1.289063
ACCEL,2011-03-17 11:04:34.011,106,1386,-0.1445313,-0.015625,-0.9648438
ACCEL,2011-03-17 11:04:34.031,106,1387,0.1210938,-0.078125,-0.9726563
ACCEL,2011-03-17 11:04:34.043,106,1388,-0.0078125,-0.03125,-0.96875
ACCEL,2011-03-17 11:04:34.063,106,1389,0.2460938,0.03125,-0.5664063
ACCEL,2011-03-17 11:04:34.083,106,1390,0.1289063,-0.2734375,-0.9140625
ACCEL,2011-03-17 11:04:34.103,106,1391,0,-0.07421875,-0.8984375
ACCEL,2011-03-17 11:04:34.123,106,1392,-0.02734375,-0.046875,-0.7148438
ACCEL,2011-03-17 11:04:34.143,106,1393,-0.01953125,-0.015625,-0.7304688
ACCEL,2011-03-17 11:04:34.163,106,1394,0.1132813,0.015625,-0.890625
ACCEL,2011-03-17 11:04:34.183,106,1395,0.1914063,0.03515625,-0.9179688
ACCEL,2011-03-17 11:04:34.203,106,1396,0.1875,0.08203125,-1.046875
ACCEL,2011-03-17 11:04:34.230,106,1397,-0.05859375,-0.0703125,-1.128906
ACCEL,2011-03-17 11:04:34.250,106,1398,0.00390625,-0.1210938,-1.332031
ACCEL,2011-03-17 11:04:34.270,106,1399,0.01171875,-0.140625,-1.375
ACCEL,2011-03-17 11:04:34.290,106,1400,-0.06640625,-0.1367188,-1.476563
ACCEL,2011-03-17 11:04:34.310,106,1401,-0.05078125,-0.03515625,-1.242188
ACCEL,2011-03-17 11:04:34.330,106,1402,-0.1367188,-0.1953125,-0.9648438
ACCEL,2011-03-17 11:04:34.350,106,1403,-0.02734375,-0.1328125,-1.164063
ACCEL,2011-03-17 11:04:34.370,106,1404,-0.0546875,-0.03125,-1.253906
ACCEL,2011-03-17 11:04:34.390,106,1405,-0.0078125,-0.1171875,-0.765625
